INSTANCE_ACCOUNT_ID,ARR,IS_PREMIER,AGENT_COUNT
18500873,131241.3900,False,1780
9156510,,,10
15341391,84183.1900,True,20
24930374,39043.1700,True,300
25465140,326766.0800,True,6250
22770349,,,5
25742639,26278.4600,True,16
961383,,False,5
25617784,,,5
20953961,34656.4800,False,14
12157096,103683.0000,True,180
18347993,,,10
16262339,,,5
13047385,55062.0000,False,57
9597532,22080.0000,False,20
18242795,,,5
16727673,,,10
18097869,,,10
18561409,250200.0000,False,150
22927847,,,10
2181478,602099.7800,True,1050
20505424,34916.6400,True,15
11877017,,,5
620392,575000.0400,False,450
22439940,,,15
25085919,,False,9999
21336330,,,10
2275733,42120.0000,False,1200
20895661,,,10
1965056,602099.7800,True,1050
9049502,704100.5400,True,1050
10721216,79920.0000,False,30
362233,,,5
10209094,165437.0500,True,450
15691430,,,10
18777073,1566.1100,False,9999
24136733,9136.6800,False,7
61840,1163216.0700,True,1500
10874216,,,5
2307013,118087.2000,False,82
496660,190054.8000,False,130
18280813,,,10
9496080,38640.0000,False,40
20074894,,,10
9519180,91367.2500,False,50
1923039,171437.0500,True,450
22151493,,,5
14975211,,,10
1898994,,,5
25249502,22410.0000,False,15
14997153,,,5
2430161,162169.0000,False,72
24934392,,,5
146147,,,300
20711888,,,30
16560742,139971.0000,False,65
201622,,,100
9069980,,,78724
13769042,,,10
20138003,,,10
24032168,,,10
18249020,,,10
789193,,False,3000
9387151,,False,6
680652,225600.0000,False,90
14519463,30406.3200,False,18
20019826,,,5
2375202,,False,5
11150063,204552.0000,False,100
10722137,,False,9999
19888888,,False,9999
19229538,,False,9999
15843812,,False,9999
10677419,,False,9999
15765677,,False,9999
19889057,,False,9999
15765685,,False,9999
15843760,,False,9999
19888831,,False,9999
16256226,,False,9999
15765724,,False,9999
16256284,,False,9999
19229554,,False,9999
10618772,,False,9999
10677398,,False,9999
10618733,,False,9999
10677396,,False,9999
19889084,,False,9999
15843795,,False,9999
15765701,,False,9999
15770654,,False,9999
19888977,,False,9999
15765657,,False,9999
10618775,,False,9999
19889079,,False,9999
14168844,,False,9999
15843770,,False,9999
16256257,,False,9999
16256278,,False,9999
19889114,,False,9999
19889103,,False,9999
16256214,,False,9999
19888979,,False,9999
10577784,,False,9999
15843793,,False,9999
19889039,,False,9999
15765675,,False,9999
20071316,,False,9999
10722151,,False,9999
19889042,,False,9999
15765706,,False,9999
15765713,,False,9999
10618767,,False,9999
16256224,,False,9999
20195399,,False,9999
15843754,,False,9999
19888851,,False,9999
19889060,,False,9999
15843815,,False,9999
19889082,,False,9999
15765672,,False,9999
15765654,,False,9999
15765731,,False,9999
19888925,,False,9999
19229575,,False,9999
16256289,,False,9999
19889087,,False,9999
16256295,,False,9999
15765656,,False,9999
15843771,,False,9999
19889089,,False,9999
15843761,,False,9999
19229548,,False,9999
15843807,,False,9999
15843792,,False,9999
17158790,,False,9999
16256221,,False,9999
19889054,,False,9999
16256195,,False,9999
10677422,,False,9999
16256193,,False,9999
15765705,,False,9999
10722127,,False,9999
19889073,,False,9999
10722143,,False,9999
16256297,,False,9999
16256232,,False,9999
15843775,,False,9999
16256285,,False,9999
15765729,,False,9999
16256286,,False,9999
16256266,,False,9999
10592966,,False,9999
15843744,,False,9999
10577819,,False,9999
15843751,,False,9999
15765665,,False,9999
15765664,,False,9999
15843756,,False,9999
14413876,,,5
1,,,100000
20505487,,,10
2301274,259120.9500,True,1225
2359534,259120.9500,True,1225
9882339,259120.9500,True,1225
17952396,,,45
1064086,117413.2400,False,100
1821826,42614.7500,False,20
20141358,,,5
550778,,,50
15081815,,False,9999
11567218,,False,9999
10485523,,False,9999
17526043,,False,9999
15750117,,False,9999
11567200,,False,9999
19371631,,False,9999
11541363,,False,9999
15750112,,False,9999
20195386,,False,9999
20195305,,False,9999
11567281,,False,9999
15368513,,False,9999
11567337,,False,9999
20195307,,False,9999
11606824,,False,9999
17103321,,False,9999
11567294,,False,9999
15704498,,False,9999
11567301,,False,9999
14501509,,False,9999
11567342,,False,9999
15744896,,False,9999
15081781,,False,9999
17103354,,False,9999
23336920,,False,9999
15750110,,False,9999
13782987,,False,9999
15547260,,False,9999
17103283,,False,9999
10292179,,False,9999
11567291,,False,9999
11567216,,False,9999
15750144,,False,9999
9757022,,False,9999
15750147,,False,9999
11673516,,False,9999
13781508,,False,9999
11310490,,False,9999
14988468,,False,9999
17774306,,False,9999
15368500,,False,9999
9498468,,False,9999
11567259,,False,9999
10558776,,False,9999
23336868,,False,9999
16591218,,False,9999
20195291,,False,9999
15082230,,False,9999
15704478,,False,9999
13783137,,False,9999
15704495,,False,9999
11656400,,False,9999
11567302,,False,9999
20195302,,False,9999
15368520,1566.1100,False,9999
15368491,,False,9999
19889030,,False,9999
12064277,,False,9999
20195317,,False,9999
11567196,,False,9999
13773973,,False,9999
13783126,,False,9999
13783169,,False,9999
15368496,,False,9999
10485530,,False,9999
15750133,,False,9999
11567334,,False,9999
11541371,,False,9999
11567207,,False,9999
11567217,,False,9999
10278254,,False,9999
10485472,,False,9999
23336937,,False,9999
11472383,,False,9999
15740251,,False,9999
19371635,,False,9999
15197054,,False,9999
15368503,,False,9999
15368505,,False,9999
11567209,,False,9999
15606146,,False,9999
20195403,,False,9999
10428730,,False,9999
11567202,,False,9999
20195395,,False,9999
15368512,,False,9999
14599104,,False,9999
15606155,,False,9999
19371626,,False,9999
17103346,,False,9999
16244815,,False,9999
11567339,,False,9999
19186181,,False,9999
17103323,,False,9999
15750114,,False,9999
13781817,,False,9999
17103320,,False,9999
10485527,,False,9999
19371634,,False,9999
11567338,,False,9999
15750120,,False,9999
15750146,,False,9999
11567335,,False,9999
11567215,,False,9999
20195394,,False,9999
20195321,,False,9999
23336951,,False,9999
15547263,,False,9999
20195327,,False,9999
11567328,,False,9999
9722527,,False,9999
15740229,,False,9999
17103315,,False,9999
10617663,,False,9999
16591216,,False,9999
11567329,,False,9999
10362077,,False,9999
23336873,,False,9999
10633708,,False,9999
23336894,,False,9999
20195309,,False,9999
11567300,,False,9999
15606154,,False,9999
15704485,,False,9999
15704469,,False,9999
14988469,,False,9999
20195387,,False,9999
11567272,,False,9999
20195315,,False,9999
20195416,,False,9999
11656411,,False,9999
17103322,,False,9999
14988470,,False,9999
17103256,,False,9999
13781360,,False,9999
10414789,354669.3700,False,740
16256270,,False,1
17791608,,,10
120696,135960.0000,False,31
222484,1150905.9700,True,940
24493817,,,10
1783194,,False,10
17639224,,,5
10112923,,,10
19546610,,False,5750
19546606,,False,5750
19546612,,False,5750
19756889,,False,5750
20263992,,,20
16865471,,,5
16691889,,,5
19756881,,False,5750
19546635,,False,5750
22460166,134981.3500,True,140
19756921,,False,5750
10950371,,,10
16239101,,,10
19756879,,False,5750
19756885,,False,5750
20571609,,,5
19756880,,False,5750
19756974,,False,5750
19756886,,False,5750
19546619,,False,5750
19756894,,False,5750
19051859,,False,6500
19546629,,False,5750
17308271,,,5
19051866,,False,6500
19546625,,False,5750
19756877,,False,5750
19756971,,False,5750
19287036,,False,5750
19756884,,False,5750
10901725,,,20
16672164,,,5
9525495,275413.3300,False,211
20195406,,False,5750
259623,,False,7
598603,223080.0000,False,110
285889,,False,25
1360921,,,10
17021499,,,10
2201099,652053.7200,False,300
106787,81111.5400,False,70
10000405,126990.0000,False,49
9544367,409821.4300,True,132000
9427778,,,5
143365,,False,10
13180473,409821.4300,True,132000
18243520,114529.6800,False,111
830444,409821.4300,True,132000
10973793,,False,20
2165708,1870834.9400,True,1552
10339875,409821.4300,True,132000
9312233,29880.0000,False,10
20296227,40560.0000,False,20
10223071,409821.4300,True,132000
9495911,73584.0000,False,28
2177403,147603.8600,False,96
2296416,409821.4300,True,132000
77613,563008.3200,False,263
2160430,409821.4300,True,132000
1999392,409821.4300,True,132000
10469029,744302.8800,False,688
253623,330375.2000,True,60000
15215927,409821.4300,True,132000
132862,329364.9600,False,275
20926365,955.2400,False,7
9266575,607139.2100,True,25200
115648,,False,510
1561536,97761.3900,False,38
12048837,,,10
11141158,,,10
2146629,109406.4000,False,40
2088644,2838.6000,False,1
9426276,577429.8400,False,292
10861730,,,20
411075,96000.0000,False,66
14580270,8964.0000,False,3
13081740,,,20
9282219,616634.1200,False,285
874228,249722.5900,True,142
2364511,47434.9500,False,15
19425295,33526.0800,False,15
9452726,,False,25
12663037,,False,5
184946,37470.0000,False,50
213295,851846.0400,True,8400
230122,53784.0000,False,18
2282982,176607.9600,True,80
12460066,1566.1100,False,9999
19371633,1566.1100,False,9999
19888876,1566.1100,False,9999
20195310,1566.1100,False,9999
10485457,1566.1100,False,9999
23336945,1566.1100,False,9999
9394218,1566.1100,False,9999
16256196,1566.1100,False,9999
16256280,1566.1100,False,9999
19371628,1566.1100,False,9999
16256304,1566.1100,False,9999
23336934,1566.1100,False,9999
16256334,1566.1100,False,9999
11663374,1566.1100,False,9999
11567331,1566.1100,False,9999
11158369,1566.1100,False,9999
15765673,1566.1100,False,9999
19889153,1566.1100,False,9999
19229553,1566.1100,False,9999
15750109,1566.1100,False,9999
11567295,1566.1100,False,9999
11446849,,,13
10245538,1566.1100,False,9999
19889074,1566.1100,False,9999
11541368,1566.1100,False,9999
10485418,1566.1100,False,9999
11541367,1566.1100,False,9999
11567320,1566.1100,False,9999
10722122,1566.1100,False,9999
66681,215960.5900,True,745
15750148,1566.1100,False,9999
15843749,1566.1100,False,9999
13781378,1566.1100,False,9999
16256294,1566.1100,False,9999
11567253,1566.1100,False,9999
20195311,1566.1100,False,9999
17103286,1566.1100,False,9999
17375388,1566.1100,False,9999
14142913,1566.1100,False,9999
13781660,1566.1100,False,9999
19889150,1566.1100,False,9999
9195232,80412.9400,True,62
14988466,1566.1100,False,9999
16256187,1566.1100,False,9999
10362073,1566.1100,False,9999
15740254,1566.1100,False,9999
13783133,1566.1100,False,9999
13228410,271757.3300,True,94
19371632,1566.1100,False,9999
15547242,1566.1100,False,9999
10690159,1566.1100,False,9999
15750113,1566.1100,False,9999
11541369,1566.1100,False,9999
10618771,1566.1100,False,9999
20195392,1566.1100,False,9999
15368510,1566.1100,False,9999
16256309,1566.1100,False,9999
13783152,1566.1100,False,9999
15843769,1566.1100,False,9999
11565883,1566.1100,False,9999
19889045,1566.1100,False,9999
19889161,1566.1100,False,9999
15606153,1566.1100,False,9999
11472389,1566.1100,False,9999
16256220,1566.1100,False,9999
16862271,1566.1100,False,9999
15843733,1566.1100,False,9999
15368502,1566.1100,False,9999
15750150,1566.1100,False,9999
13783046,1566.1100,False,9999
19184874,1566.1100,False,9999
11656409,1566.1100,False,9999
9288819,26367.5400,True,17
15765704,1566.1100,False,9999
11567336,1566.1100,False,9999
19888921,1566.1100,False,9999
19229602,1566.1100,False,9999
10677424,1566.1100,False,9999
17103288,1566.1100,False,9999
11656410,1566.1100,False,9999
14988476,1566.1100,False,9999
17103339,1566.1100,False,9999
10618747,1566.1100,False,9999
11755828,93925.7000,True,3633
1900498,12574.7400,True,3
10558789,1566.1100,False,9999
15547251,1566.1100,False,9999
15750135,1566.1100,False,9999
16256349,0.1500,False,1
14510576,1566.1100,False,9999
10592958,1566.1100,False,9999
14988463,1566.1100,False,9999
16256183,1566.1100,False,9999
764450,24072.7400,True,17
13608890,431007.6600,True,95
17713072,1566.1100,False,9999
11567293,1566.1100,False,9999
14988478,1566.1100,False,9999
16256299,1566.1100,False,9999
16256202,1566.1100,False,9999
15740252,1566.1100,False,9999
16256213,1566.1100,False,9999
23336959,1566.1100,False,9999
19888852,1566.1100,False,9999
11567332,1566.1100,False,9999
11567285,1566.1100,False,9999
11567190,1566.1100,False,9999
19184872,1566.1100,False,9999
15765676,1566.1100,False,9999
15843814,1566.1100,False,9999
17103333,1566.1100,False,9999
16256329,1566.1100,False,9999
11039545,1566.1100,False,9999
1205261,,,90
13783030,1566.1100,False,9999
15547274,1566.1100,False,9999
10592953,1566.1100,False,9999
10618753,1566.1100,False,9999
23336904,1566.1100,False,9999
20195412,1566.1100,False,9999
15464840,252312.8500,False,235
19888917,1566.1100,False,9999
20195299,1566.1100,False,9999
11567240,1566.1100,False,9999
19888861,1566.1100,False,9999
10722148,1566.1100,False,9999
17149793,1566.1100,False,9999
19888842,1566.1100,False,9999
15750088,1566.1100,False,9999
19889093,1566.1100,False,9999
19889140,1566.1100,False,9999
19889160,1566.1100,False,9999
11567275,1566.1100,False,9999
15740231,1566.1100,False,9999
1900493,40169.9400,True,27
19229564,1566.1100,False,9999
11567304,1566.1100,False,9999
13781481,1566.1100,False,9999
11565879,1566.1100,False,9999
19186183,1566.1100,False,9999
10592948,1566.1100,False,9999
11567313,1566.1100,False,9999
10722156,1566.1100,False,9999
11567244,1566.1100,False,9999
11567246,1566.1100,False,9999
15750089,1566.1100,False,9999
20195397,1566.1100,False,9999
11567270,1566.1100,False,9999
10577877,1566.1100,False,9999
16254449,1566.1100,False,9999
11157632,1566.1100,False,9999
19888913,1566.1100,False,9999
15547264,1566.1100,False,9999
276624,1107600.0000,False,1100
19889068,1566.1100,False,9999
10592965,1566.1100,False,9999
15765735,1566.1100,False,9999
10857785,1566.1100,False,9999
17103287,1566.1100,False,9999
10485512,1566.1100,False,9999
19888822,1566.1100,False,9999
15843811,1566.1100,False,9999
10617639,1566.1100,False,9999
20195303,1566.1100,False,9999
593095,1496760.0000,True,670
11656407,1566.1100,False,9999
10410842,1566.1100,False,9999
11567343,1566.1100,False,9999
15750124,1566.1100,False,9999
20195398,1566.1100,False,9999
17103348,1566.1100,False,9999
15765710,1566.1100,False,9999
15765663,1566.1100,False,9999
238765,1070879.1600,True,6100
17149796,1566.1100,False,9999
10677409,1566.1100,False,9999
17149795,1566.1100,False,9999
19889131,1566.1100,False,9999
11541364,1566.1100,False,9999
14988482,1566.1100,False,9999
11567312,1566.1100,False,9999
10796200,1566.1100,False,9999
17103282,1566.1100,False,9999
15765668,1566.1100,False,9999
20195312,1566.1100,False,9999
19889075,1566.1100,False,9999
9409136,184419.0000,False,65
11567260,1566.1100,False,9999
11567280,1566.1100,False,9999
20195411,1566.1100,False,9999
20195333,1566.1100,False,9999
15704496,1566.1100,False,9999
19889044,1566.1100,False,9999
15368524,1566.1100,False,9999
15547267,1566.1100,False,9999
20195313,1566.1100,False,9999
15368501,1566.1100,False,9999
10485452,1566.1100,False,9999
11567201,1566.1100,False,9999
13781662,1566.1100,False,9999
19888951,1566.1100,False,9999
15750123,1566.1100,False,9999
13773995,1566.1100,False,9999
13783063,1566.1100,False,9999
13783095,1566.1100,False,9999
17962089,1566.1100,False,9999
19889138,1566.1100,False,9999
13781736,1566.1100,False,9999
16256179,1566.1100,False,9999
11022266,1566.1100,False,9999
16256281,1566.1100,False,9999
11567308,1566.1100,False,9999
15368492,1566.1100,False,9999
851357,140213.3300,True,40
11014241,81749.3300,True,16
20195404,1566.1100,False,9999
13781818,1566.1100,False,9999
11567245,1566.1100,False,9999
11567279,1566.1100,False,9999
15750116,1566.1100,False,9999
15704470,1566.1100,False,9999
11567278,1566.1100,False,9999
11058759,,,10
22007355,64440.0000,True,1300
15843788,1566.1100,False,9999
11567203,1566.1100,False,9999
15843802,1566.1100,False,9999
10934316,206569.2300,True,20000
19889088,1566.1100,False,9999
2213152,158118.8400,True,38
10485479,1566.1100,False,9999
19888865,1566.1100,False,9999
10618737,1566.1100,False,9999
15750118,1566.1100,False,9999
10677416,1566.1100,False,9999
11567198,1566.1100,False,9999
10618739,1566.1100,False,9999
11567277,1566.1100,False,9999
15750137,1566.1100,False,9999
19889242,1566.1100,False,9999
15765721,1566.1100,False,9999
13783048,1566.1100,False,9999
15765653,1566.1100,False,9999
10537176,1566.1100,False,9999
11157572,1566.1100,False,9999
11567237,1566.1100,False,9999
10618759,1566.1100,False,9999
20195308,1566.1100,False,9999
16824134,1566.1100,False,9999
19889134,1566.1100,False,9999
19888826,1566.1100,False,9999
15750122,1566.1100,False,9999
10485537,1566.1100,False,9999
15547255,1566.1100,False,9999
11567288,1566.1100,False,9999
11567274,1566.1100,False,9999
15765659,1566.1100,False,9999
16256192,1566.1100,False,9999
19889154,1566.1100,False,9999
20195409,1566.1100,False,9999
15750087,1566.1100,False,9999
19888825,1566.1100,False,9999
20195389,1566.1100,False,9999
16256307,1566.1100,False,9999
19186177,1566.1100,False,9999
16256180,1566.1100,False,9999
15740239,1566.1100,False,9999
17103341,1566.1100,False,9999
23336893,1566.1100,False,9999
19186185,1566.1100,False,9999
20195300,1566.1100,False,9999
13781437,1566.1100,False,9999
15740245,1566.1100,False,9999
19889141,1566.1100,False,9999
10485517,1566.1100,False,9999
11567344,1566.1100,False,9999
20195301,1566.1100,False,9999
15744894,1566.1100,False,9999
11567276,1566.1100,False,9999
16256296,0.1500,False,1
10618736,1566.1100,False,9999
19888867,1566.1100,False,9999
10537180,1566.1100,False,9999
15740255,1566.1100,False,9999
11567296,1566.1100,False,9999
15844042,1566.1100,False,9999
9628547,1566.1100,False,9999
23336936,1566.1100,False,9999
13783017,1566.1100,False,9999
13783039,1566.1100,False,9999
19352632,1566.1100,False,9999
10722126,1566.1100,False,9999
11567199,1566.1100,False,9999
17103349,1566.1100,False,9999
18095154,1566.1100,False,9999
17103284,1566.1100,False,9999
11567193,1566.1100,False,9999
15368509,1566.1100,False,9999
10966099,93925.7000,True,3633
11567327,1566.1100,False,9999
11656413,1566.1100,False,9999
15368515,1566.1100,False,9999
19889102,1566.1100,False,9999
15740249,1566.1100,False,9999
19889100,1566.1100,False,9999
15765661,1566.1100,False,9999
15765727,1566.1100,False,9999
11567350,1566.1100,False,9999
15263899,93925.7000,True,3633
2435709,147381.1700,False,50
19352634,1566.1100,False,9999
19371627,1566.1100,False,9999
10595816,1566.1100,False,9999
10158323,1566.1100,False,9999
10485550,1566.1100,False,9999
10677395,1566.1100,False,9999
15765709,1566.1100,False,9999
19352643,1566.1100,False,9999
13783170,1566.1100,False,9999
15765644,1566.1100,False,9999
10577774,1566.1100,False,9999
19371629,1566.1100,False,9999
19888949,1566.1100,False,9999
13783042,1566.1100,False,9999
13783096,1566.1100,False,9999
19889113,1566.1100,False,9999
15533713,1566.1100,False,9999
11567289,1566.1100,False,9999
19889159,1566.1100,False,9999
15368525,1566.1100,False,9999
20195407,1566.1100,False,9999
19888903,1566.1100,False,9999
16256185,1566.1100,False,9999
19889115,1566.1100,False,9999
17103310,1566.1100,False,9999
11541361,1566.1100,False,9999
10577858,1566.1100,False,9999
13783104,1566.1100,False,9999
15547259,1566.1100,False,9999
14458672,93925.7000,True,3633
17103319,1566.1100,False,9999
19888935,1566.1100,False,9999
19889020,1566.1100,False,9999
16256212,1566.1100,False,9999
15765708,1566.1100,False,9999
15706677,1566.1100,False,9999
10677402,1566.1100,False,9999
11472392,1566.1100,False,9999
19229551,1566.1100,False,9999
11541370,1566.1100,False,9999
19186187,1566.1100,False,9999
17103308,1566.1100,False,9999
2228982,420753.7400,True,358
13774012,1566.1100,False,9999
11567323,1566.1100,False,9999
10677411,1566.1100,False,9999
19888885,1566.1100,False,9999
15740256,1566.1100,False,9999
10677427,1566.1100,False,9999
13783117,1566.1100,False,9999
13773938,1566.1100,False,9999
9289255,57403.5000,True,42
16256199,1566.1100,False,9999
19184875,1566.1100,False,9999
13783171,1566.1100,False,9999
11567239,1566.1100,False,9999
17103289,1566.1100,False,9999
15740225,1566.1100,False,9999
15843757,1566.1100,False,9999
15843786,1566.1100,False,9999
20195314,1566.1100,False,9999
11567254,1566.1100,False,9999
19889046,1566.1100,False,9999
16256247,1566.1100,False,9999
16256197,1566.1100,False,9999
14988483,1566.1100,False,9999
15547236,1566.1100,False,9999
15368523,1566.1100,False,9999
11567306,1566.1100,False,9999
11567317,1566.1100,False,9999
10618766,1566.1100,False,9999
19889096,1566.1100,False,9999
15547262,1566.1100,False,9999
19888918,1566.1100,False,9999
11567210,1566.1100,False,9999
15547253,1566.1100,False,9999
13319082,1566.1100,False,9999
20195420,1566.1100,False,9999
16256218,1566.1100,False,9999
19186179,1566.1100,False,9999
10677426,1566.1100,False,9999
16256229,1566.1100,False,9999
13783635,1566.1100,False,9999
16256355,1566.1100,False,9999
16256305,1566.1100,False,9999
15547277,1566.1100,False,9999
10428737,1566.1100,False,9999
13577377,1566.1100,False,9999
15843747,1566.1100,False,9999
15844045,1566.1100,False,9999
20195401,1566.1100,False,9999
19889121,1566.1100,False,9999
10722146,1566.1100,False,9999
10592959,1566.1100,False,9999
17103336,1566.1100,False,9999
15368484,1566.1100,False,9999
16256182,1566.1100,False,9999
11567311,1566.1100,False,9999
16480404,93925.7000,True,3633
15368504,1566.1100,False,9999
19229588,1566.1100,False,9999
11567250,1566.1100,False,9999
19889086,1566.1100,False,9999
19756924,1566.1100,False,9999
11567266,1566.1100,False,9999
11567330,1566.1100,False,9999
19371630,1566.1100,False,9999
20195331,1566.1100,False,9999
23336931,1566.1100,False,9999
17103325,1566.1100,False,9999
14501508,1566.1100,False,9999
17103317,1566.1100,False,9999
19888922,1566.1100,False,9999
15844043,1566.1100,False,9999
11541360,1566.1100,False,9999
16256230,1566.1100,False,9999
19889076,1566.1100,False,9999
9061385,206336.6400,True,83
17103338,1566.1100,False,9999
17103345,1566.1100,False,9999
11567340,1566.1100,False,9999
11567204,1566.1100,False,9999
20195329,1566.1100,False,9999
19889130,1566.1100,False,9999
2070146,578276.3400,True,495
15843736,1566.1100,False,9999
15843752,1566.1100,False,9999
10485531,1566.1100,False,9999
10617652,1566.1100,False,9999
10867792,1566.1100,False,9999
9055641,223009.8200,True,244
11567326,1566.1100,False,9999
10618761,1566.1100,False,9999
15843821,1566.1100,False,9999
16043953,93925.7000,True,3633
19888965,1566.1100,False,9999
10618764,1566.1100,False,9999
11567345,1566.1100,False,9999
20195388,1566.1100,False,9999
13781637,1566.1100,False,9999
1880482,54659.7000,True,5
19229539,1566.1100,False,9999
13783074,1566.1100,False,9999
11567298,1566.1100,False,9999
14719057,14280.0000,False,10
15368481,1566.1100,False,9999
19186184,1566.1100,False,9999
16256217,1566.1100,False,9999
13781815,1566.1100,False,9999
20195396,1566.1100,False,9999
1762752,19473.5400,True,9
15368497,1566.1100,False,9999
16079130,,,10
10677406,1566.1100,False,9999
17103340,1566.1100,False,9999
15750138,1566.1100,False,9999
15765720,1566.1100,False,9999
25345139,,True,3633
15183724,93925.7000,True,3633
13781094,1566.1100,False,9999
15765690,1566.1100,False,9999
10485486,1566.1100,False,9999
15606160,1566.1100,False,9999
13408428,1566.1100,False,9999
16256215,1566.1100,False,9999
9628524,1566.1100,False,9999
10485443,1566.1100,False,9999
11307270,1566.1100,False,9999
16455594,593161.2300,True,16534
19889107,1566.1100,False,9999
16256250,1566.1100,False,9999
11567286,1566.1100,False,9999
15843737,1566.1100,False,9999
20195316,1566.1100,False,9999
16256255,1566.1100,False,9999
10867790,1566.1100,False,9999
15765691,1566.1100,False,9999
17103313,1566.1100,False,9999
16256219,1566.1100,False,9999
15368506,1566.1100,False,9999
11567271,1566.1100,False,9999
19888900,1566.1100,False,9999
10431875,1566.1100,False,9999
11472388,1566.1100,False,9999
15368489,1566.1100,False,9999
13783157,1566.1100,False,9999
15765736,1566.1100,False,9999
10677404,1566.1100,False,9999
20195390,1566.1100,False,9999
16256246,1566.1100,False,9999
11567319,1566.1100,False,9999
16256184,1566.1100,False,9999
11567318,1566.1100,False,9999
17103305,1566.1100,False,9999
10485545,1566.1100,False,9999
12212961,52517.3300,True,4
15740243,1566.1100,False,9999
19158503,201113.3300,True,65
16256333,1566.1100,False,9999
15740227,1566.1100,False,9999
735888,285077.3400,True,240
13781136,1566.1100,False,9999
10618750,1566.1100,False,9999
15750119,1566.1100,False,9999
18688224,1566.1100,False,9999
15345061,48720.0000,False,28
10133906,1566.1100,False,9999
11567297,1566.1100,False,9999
16256315,1566.1100,False,9999
10677425,1566.1100,False,9999
15765645,1566.1100,False,9999
13783045,1566.1100,False,9999
19186180,1566.1100,False,9999
11446852,,,5
11567188,1566.1100,False,9999
11307267,1566.1100,False,9999
16256291,1566.1100,False,9999
16256189,1566.1100,False,9999
15765650,1566.1100,False,9999
20195297,1566.1100,False,9999
16256290,1566.1100,False,9999
9675377,497812.5600,False,264
15750127,1566.1100,False,9999
19888849,1566.1100,False,9999
10618756,1566.1100,False,9999
13781529,1566.1100,False,9999
15750091,1566.1100,False,9999
11567315,1566.1100,False,9999
11567256,1566.1100,False,9999
19888879,1566.1100,False,9999
19889036,1566.1100,False,9999
10905232,1566.1100,False,9999
15843745,1566.1100,False,9999
11567247,1566.1100,False,9999
17103309,1566.1100,False,9999
16256249,1566.1100,False,9999
20195408,1566.1100,False,9999
19888924,1566.1100,False,9999
19888919,1566.1100,False,9999
15740238,1566.1100,False,9999
15606149,1566.1100,False,9999
122906,951504.0000,False,25200
13773937,1566.1100,False,9999
13781464,1566.1100,False,9999
23336924,1566.1100,False,9999
15843753,1566.1100,False,9999
11567242,1566.1100,False,9999
20195318,1566.1100,False,9999
19889071,1566.1100,False,9999
11307264,1566.1100,False,9999
15765699,1566.1100,False,9999
19352641,1566.1100,False,9999
15368522,1566.1100,False,9999
13783146,1566.1100,False,9999
11567310,1566.1100,False,9999
10485546,1566.1100,False,9999
16256279,1566.1100,False,9999
13783108,1566.1100,False,9999
11081546,1566.1100,False,9999
10485519,1566.1100,False,9999
17713008,1566.1100,False,9999
11590255,1566.1100,False,9999
20195400,1566.1100,False,9999
15765643,1566.1100,False,9999
15606159,1566.1100,False,9999
16256326,1566.1100,False,9999
15750125,1566.1100,False,9999
13781413,1566.1100,False,9999
16256302,1566.1100,False,9999
15765733,1566.1100,False,9999
11567299,1566.1100,False,9999
2013220,12574.7400,True,3
17103298,1566.1100,False,9999
10245504,1566.1100,False,9999
17103335,1566.1100,False,9999
19889158,1566.1100,False,9999
15765734,1566.1100,False,9999
11307265,1566.1100,False,9999
11567243,1566.1100,False,9999
11567189,1566.1100,False,9999
11656408,1566.1100,False,9999
13783156,1566.1100,False,9999
19371625,1566.1100,False,9999
15740223,1566.1100,False,9999
25085834,1566.1100,False,9999
14988481,1566.1100,False,9999
11567346,1566.1100,False,9999
11840533,53268.4400,False,25
13783135,1566.1100,False,9999
11567307,1566.1100,False,9999
17506956,93925.7000,True,3633
11541362,1566.1100,False,9999
10725189,1566.1100,False,9999
15742030,1566.1100,False,9999
13783089,1566.1100,False,9999
11290157,1566.1100,False,9999
14155078,1566.1100,False,9999
13783127,1566.1100,False,9999
11567324,1566.1100,False,9999
13783062,1566.1100,False,9999
13781320,1566.1100,False,9999
17954879,,,5
11300811,,,5
18104830,1566.1100,False,9999
15740258,1566.1100,False,9999
15263800,93925.7000,True,3633
14155080,1566.1100,False,9999
11567284,1566.1100,False,9999
10722120,1566.1100,False,9999
10618752,1566.1100,False,9999
15750141,1566.1100,False,9999
10466656,1566.1100,False,9999
16256200,1566.1100,False,9999
17103351,1566.1100,False,9999
10981878,1566.1100,False,9999
20195298,1566.1100,False,9999
16256190,1566.1100,False,9999
14168857,1566.1100,False,9999
15547245,1566.1100,False,9999
10722280,1566.1100,False,9999
13781092,1566.1100,False,9999
11157633,1566.1100,False,9999
15606151,1566.1100,False,9999
15368516,1566.1100,False,9999
10674272,1566.1100,False,9999
16256348,1566.1100,False,9999
19888827,1566.1100,False,9999
11567262,1566.1100,False,9999
15368495,1566.1100,False,9999
20195415,1566.1100,False,9999
14988465,1566.1100,False,9999
19889156,1566.1100,False,9999
13717108,120915.1300,False,30
11567249,1566.1100,False,9999
19888901,1566.1100,False,9999
15740247,1566.1100,False,9999
10722145,1566.1100,False,9999
15740250,1566.1100,False,9999
11567333,1566.1100,False,9999
10677405,1566.1100,False,9999
10577976,1566.1100,False,9999
10722150,1566.1100,False,9999
512712,221659.9600,False,238
16256282,1566.1100,False,9999
15368511,1566.1100,False,9999
19889056,1566.1100,False,9999
16256251,1566.1100,False,9999
15606139,1566.1100,False,9999
19352639,1566.1100,False,9999
16256223,1566.1100,False,9999
10618779,1566.1100,False,9999
11541365,1566.1100,False,9999
19888961,1566.1100,False,9999
15843755,1566.1100,False,9999
15740230,1566.1100,False,9999
19888952,1566.1100,False,9999
16256361,1566.1100,False,9999
16256252,1566.1100,False,9999
10690150,1566.1100,False,9999
15704480,1566.1100,False,9999
11567282,1566.1100,False,9999
11307266,1566.1100,False,9999
20195304,1566.1100,False,9999
20195410,1566.1100,False,9999
16256332,1566.1100,False,9999
16256198,1566.1100,False,9999
11567257,1566.1100,False,9999
10677423,1566.1100,False,9999
10618776,1566.1100,False,9999
13781580,1566.1100,False,9999
10722154,1566.1100,False,9999
10618742,1566.1100,False,9999
15765669,1566.1100,False,9999
13783639,1566.1100,False,9999
17149794,1566.1100,False,9999
19186182,1566.1100,False,9999
15750090,1566.1100,False,9999
15843817,1566.1100,False,9999
13783037,1566.1100,False,9999
15368508,1566.1100,False,9999
19184870,1566.1100,False,9999
10921585,1566.1100,False,9999
10677415,1566.1100,False,9999
19184873,1566.1100,False,9999
17103352,1566.1100,False,9999
17103347,1566.1100,False,9999
13781583,1566.1100,False,9999
11472393,1566.1100,False,9999
15553856,1566.1100,False,9999
11567212,1566.1100,False,9999
15704473,1566.1100,False,9999
10618748,1566.1100,False,9999
10101957,,False,5
11656404,1566.1100,False,9999
17103350,1566.1100,False,9999
19889112,1566.1100,False,9999
19888883,1566.1100,False,9999
17103301,1566.1100,False,9999
16256227,1566.1100,False,9999
15750115,1566.1100,False,9999
23336884,1566.1100,False,9999
15704482,1566.1100,False,9999
16256256,1566.1100,False,9999
15547278,1566.1100,False,9999
15843789,1566.1100,False,9999
10677403,1566.1100,False,9999
11567347,1566.1100,False,9999
15750143,1566.1100,False,9999
20195320,1566.1100,False,9999
15547250,1566.1100,False,9999
15765642,1566.1100,False,9999
15556820,1566.1100,False,9999
15368498,1566.1100,False,9999
15547275,1566.1100,False,9999
16256234,1566.1100,False,9999
11567241,1566.1100,False,9999
16256181,1566.1100,False,9999
19889151,1566.1100,False,9999
19889152,1566.1100,False,9999
11567314,1566.1100,False,9999
11567322,1566.1100,False,9999
10313525,206569.2300,True,20000
9193528,1299266.6900,True,600
12803236,351012.8800,True,560
9070202,77526.5600,False,56
9733306,424588.8600,False,18900
13067268,,,20
18265242,80470.8300,False,32745
603258,172923.0400,True,77040
16953239,618532.1800,False,1100
1603073,1498562.7400,False,14400
1277716,783750.0000,True,36000
2313912,70076.3900,False,11825
18090696,729562.6300,True,55080
10770964,126758.4300,True,50010
10578822,17599.4000,False,5
84409,70076.3900,False,11825
24498303,180276.4800,True,6432
234736,70076.3900,False,11825
1360366,86475.0000,False,2880
12894778,61417.9500,True,20
139822,126758.4300,True,50010
1491897,64440.0000,True,1300
9391089,1555277.2800,True,27000
662850,70076.3900,False,11825
795717,1929552.0000,True,34992
10935624,172923.0400,True,77040
138842,788133.3600,True,340
9239643,1611787.0400,True,43200
2146912,967231.2200,True,8755
1949293,190426.0300,True,39750
10060526,1318876.3200,True,
21745276,236259.7900,True,2880
10957767,141158.4300,True,50010
5194,1013724.6800,True,51912
15812993,153276.4800,True,6432
603256,172923.0400,True,77040
435890,136358.4300,True,50010
1331776,70500.0000,False,33
9553549,126758.4300,True,50010
19152078,206569.2300,True,20000
9802448,1430973.9200,True,12000
453358,555439.3200,False,7200
9815474,379491.2300,True,15000
9478028,369099.9900,True,9000
13674810,941025.5200,True,449
156422,357788.3400,False,27500
2180055,149742.7600,True,850
2364280,412389.7500,False,4280
10853240,147504.9500,True,850
2341918,574150.5700,True,7128
10296953,1072999.9800,True,19200
888110,703126.7400,True,6250
2298875,729309.2900,True,20000
10577787,64440.0000,True,1300
16237142,747027.2500,True,71912
18222077,240685.3800,True,94176
10744837,206569.2300,True,20000
1297403,357788.3400,False,27500
898495,,False,50010
508426,326962.1500,True,20240
11013201,26584.2000,False,16
12644683,643139.2100,True,25200
9689406,127404.4800,True,54
370506,141158.4300,True,50010
9274191,70076.3900,False,11825
9832927,126758.4300,True,50010
11543219,206569.2300,True,20000
15849426,822158.0400,True,275
83924,424588.8600,False,18900
18222335,240685.3800,True,94176
240879,240685.3800,True,94176
11041475,274069.2300,True,20000
10647352,206569.2300,True,20000
23458970,206569.2300,True,20000
21118687,307258.7000,False,2400
118299,799504.0000,True,3100
272398,424588.8600,False,18900
9118195,147504.9500,True,850
10853231,147504.9500,True,850
10896161,206569.2300,True,20000
18078357,80470.8300,False,32745
9049451,379491.2300,True,15000
11526335,105033.3600,True,25
626195,172923.0400,True,77040
1297316,70076.3900,False,11825
634376,1096999.9800,True,19200
1486664,172923.0400,True,77040
79393,70076.3900,False,11825
1957940,26693.3200,False,1900
25390773,338452.4400,True,78724
10544189,585089.1300,True,55080
9371598,783750.0000,True,36000
15697784,314650.0800,True,5880
1486208,172923.0400,True,77040
9450393,1577424.9600,True,33000
10824806,1653853.6000,True,25000
543107,966474.6800,True,51912
2123188,239290.4500,False,468
2366689,70923.6000,False,71
2378016,104253.3600,True,30
9145426,2192755.0100,True,12750
872205,70076.3900,False,11825
658257,102140.0100,True,112
2217715,307421.4300,True,2376
14426656,172923.0400,True,77040
2460468,149400.0000,False,50
58910,113276.3900,False,11825
9545080,914938.6700,True,77000
2282464,145500.3000,True,3600
925105,147504.9500,True,850
14878413,317724.9600,True,194
2066120,814788.0000,True,9646
11385788,1216030.0400,True,21000
647582,172923.0400,True,77040
958505,766874.3500,True,19943
10363488,729309.2900,True,20000
9343228,766874.3500,True,19943
11478963,1543333.3600,True,24000
9430375,337890.2700,True,91
9108496,1431585.6000,True,695
19152049,206569.2300,True,20000
17500063,206569.2300,True,20000
477665,,,200
11196566,,,10
12616205,,,5
12399274,,,5
9149678,,False,10
11196565,,,10
11143075,761040.0000,False,23160
2294812,25632.0000,False,12
24942083,48096.0000,False,13
9402216,35108.4600,False,8
13003598,,,5
12436951,,,5
671477,1232349.0700,True,523
2279656,206172.0000,False,69
9180729,326702.6400,True,823
9567440,214785.0000,True,211
15415396,351909.6500,False,216
12129210,,,10
16331267,14067.5000,False,5
10297764,,,10
1851235,1154407.9200,True,360
9997623,179316.0000,False,66
25966874,,,5
9047795,855229.4600,False,307
10672988,180249.2400,False,105
11772465,330408.2300,False,490
17739235,16411.4400,True,2040
2271288,592449.9600,False,10200
2350998,157804.6800,False,173
17013910,1566.1100,False,9999
489599,172923.0400,True,77040
1588918,81216.4200,True,82253
9222087,602099.7800,True,1050
1900697,346601.0700,False,222
9994110,35868.0000,False,11
11808863,81561.3200,True,4059
9348963,,False,5
9325520,770406.9900,False,339
18198407,42985.7100,False,22
12816999,,,10
21321137,3329604.0000,True,700
10052180,956610.3900,True,9338
9768031,429552.0000,True,63
10619583,,,10
272236,131704.7500,False,146
9954627,477512.3200,True,5140
11553354,,,10
24318944,,,
25783113,89999.9600,False,77
10902391,,,10
25996333,46803.9000,True,25
10318984,,False,10
25910636,,,5
749863,2984725.0400,False,2916
9774022,435321.4300,True,132000
12400071,,,10
387947,799692.0000,True,
10467,245136.0000,False,92
680250,147053.0400,False,27384
11569996,43581.9600,False,39
10069989,13800.0000,False,10
2168287,391168.8900,False,143
20913610,3322.5700,False,4
14533568,25924.3300,False,22
9647799,,,15
14949990,757908.0600,True,28800
13686486,,,
25941054,,,720
20010022,380570.0400,False,275
1957445,384639.9600,False,8595
25966728,,,3633
10615441,,,
9614503,,,5
9876708,65928.0000,False,26
9388984,,False,10
2415754,446539.8400,True,950
481325,93288.0000,False,35
10991959,,,10
25631637,437523.4000,True,15156
2003758,743608.9800,True,950
294997,633546.9600,True,11511
25499335,134499.9600,True,100
609595,131472.0000,False,53
9989944,575778.3600,False,444
11165451,292684.5400,True,105246
10580590,479397.5100,True,10800
2457617,51840.0000,False,33
2371286,6167476.3900,True,80000
20483348,493686.0800,True,400
13916882,,,10
20740781,47040.0000,False,60
1211417,437776.5000,False,363
11706521,,,15
9465267,,False,10
9694235,117919.7400,False,438
2033607,,,10
14524405,77004.3500,True,55
18955321,25013.9600,False,25
15750834,434412.4500,True,14400
12348731,81216.4200,True,82253
10713829,,,5
983591,339096.0000,False,630
10574709,19668.0000,False,7
9578334,,,5
13630619,81216.4200,True,82253
522225,252168.0000,True,365
9261553,93029.4500,True,49
10185604,,False,10
9005096,287147.8800,True,220
1201284,,False,25
13631905,373008.0000,False,15500
14985902,549375.1600,True,6000
10102607,664434.9800,True,6000
13963266,81216.4200,True,82253
13074803,,,5
9372371,1385147.6100,True,400
11209955,549375.1600,True,6000
1594926,392608.0900,True,50
16972389,36112.1500,True,165
22666891,652760.9600,True,2937
16894652,24808.5000,False,32
9914470,6430333.1000,True,4103
10404715,549375.1600,True,6000
10209797,113117.0400,True,105
21042209,77004.3500,True,55
1191308,15650.6700,True,55
950185,765762.0000,True,7650
14220190,,,5
13640597,994423.4600,True,3355
20707586,142977.8800,True,2100
22467770,12037.3800,False,70
13198844,,,5
10832984,,,20
19295410,242195.9900,False,239
9344600,79501.9200,True,23
9390984,2633889.1000,True,77040
688946,493344.8000,True,163
9478255,,False,5
2045581,671822.9800,True,39600
9077126,488569.2300,True,20000
2158976,972887.9100,True,29200
19346628,820006.4100,True,16846
23107556,60186.9200,True,290
17596946,94168.6400,True,25
14799242,70661.2800,True,214
21563720,204980.5200,True,1780
9428344,364669.3900,False,55
2147960,287505.2800,True,1500
769493,374657.4000,False,115
15134075,71592.4800,True,19
16657921,77004.3500,True,55
761341,1994400.0000,True,96000
170270,4131996.0400,True,1800
1325834,146497.5000,False,63
25882572,76075.0100,False,200
16242232,84261.6800,True,385
9339968,438366.3900,True,900
14979202,33425.8000,False,40
17454241,54201.7200,True,261
141772,244620.0000,True,5
2224181,240685.3800,True,94176
20913864,547903.6100,True,2508
22110310,,,5
10491577,247915.0400,True,350
16726781,261800.0400,True,200
11208432,,,10
10690576,486022.3400,True,410
10395564,58728.4800,False,26
853060,709057.8000,False,4500
11627723,12037.3900,True,55
2414325,114157.6000,False,272
23478127,89945.2000,False,44
1986480,1277865.9400,True,1550
662885,1229518.3600,True,666
10856273,147504.9500,True,850
10701988,58720.0000,True,25
9059582,,False,10
11666269,376428.0000,False,15500
1423738,886587.5600,True,313
9656525,163522.7900,False,75
10048043,84261.6800,True,385
9723011,373815.2000,True,60000
11529419,139137.7200,False,50
9300214,331796.5600,False,295
21341080,30009.7200,False,23
542673,171980.0000,False,110
10484118,332623.6800,True,350
25944324,3611.2200,True,120
1202016,506551.1700,True,28417
675463,298428.1900,False,92
10614793,71514.0000,True,11511
2363060,81216.4200,True,82253
10843871,81216.4200,True,82253
1579790,378699.9900,True,9000
873384,,False,5000
2330048,81216.4200,True,82253
10038087,81216.4200,True,82253
885480,681694.4300,False,8500
2004332,81216.4200,True,82253
10689870,81216.4200,True,82253
2349206,81216.4200,True,82253
10582169,70009.1400,True,155
12307038,,,10
1538579,81216.4200,True,82253
9248513,104734.6800,False,18
86114,47187.0000,False,21
15880527,126948.0000,False,84
12237394,81216.4200,True,82253
10190040,81216.4200,True,82253
9409189,,False,20
10297329,120744.0000,False,39
10205045,,,5
17525606,81216.4200,True,82253
10924343,94904.3200,True,82253
13391037,93925.7000,True,3633
11107319,,,20
19791338,256053.8000,True,720
11606090,,,20
11535134,19646.6400,False,26
1930229,82020.0000,False,15
10975840,,,5
2149345,56772.0000,False,19
958463,966589.5300,True,
20636,87699.6900,False,480
11387592,,,5
70804,287516.5300,True,1500
659593,144072.0000,False,69
25863281,52446.0000,True,9999
23164469,26193.7100,True,9
19889011,1566.1100,False,9999
23336896,1566.1100,False,9999
15750121,1566.1100,False,9999
15843796,1566.1100,False,9999
17103549,1566.1100,False,9999
17103380,1566.1100,False,9999
11079052,1566.1100,False,9999
20195376,1566.1100,False,9999
20195356,1566.1100,False,9999
19889126,1566.1100,False,9999
15750126,1566.1100,False,9999
17103485,1566.1100,False,9999
15368483,1566.1100,False,9999
10722142,1566.1100,False,9999
13173567,1566.1100,False,9999
17103529,1566.1100,False,9999
19888926,1566.1100,False,9999
15368476,1566.1100,False,9999
17103504,1566.1100,False,9999
13174259,1566.1100,False,9999
13174428,1566.1100,False,9999
10521944,1566.1100,False,9999
19888990,1566.1100,False,9999
10485520,1566.1100,False,9999
17103367,1566.1100,False,9999
13165402,1566.1100,False,9999
20195339,1566.1100,False,9999
15704484,1566.1100,False,9999
15750149,1566.1100,False,9999
13174566,1566.1100,False,9999
11656405,1566.1100,False,9999
10676771,1566.1100,False,9999
17103415,1566.1100,False,9999
19888824,1566.1100,False,9999
17103501,1566.1100,False,9999
13173563,1566.1100,False,9999
13167218,1566.1100,False,9999
16256301,1566.1100,False,9999
17103516,1566.1100,False,9999
10485499,1566.1100,False,9999
13167326,1566.1100,False,9999
20195379,1566.1100,False,9999
10577852,1566.1100,False,9999
11472385,1566.1100,False,9999
16256320,1566.1100,False,9999
13164935,1566.1100,False,9999
17103365,1566.1100,False,9999
19888931,1566.1100,False,9999
17103425,1566.1100,False,9999
11247781,1566.1100,False,9999
13166054,1566.1100,False,9999
20195372,1566.1100,False,9999
16256359,1566.1100,False,9999
20195341,1566.1100,False,9999
16256312,1566.1100,False,9999
10618780,1566.1100,False,9999
13174295,1566.1100,False,9999
13174021,1566.1100,False,9999
15750106,1566.1100,False,9999
17103391,1566.1100,False,9999
19888994,1566.1100,False,9999
10722129,1566.1100,False,9999
10485488,1566.1100,False,9999
17103279,1566.1100,False,9999
17103398,1566.1100,False,9999
16256287,1566.1100,False,9999
11307269,1566.1100,False,9999
16256313,1566.1100,False,9999
17103542,1566.1100,False,9999
17103441,1566.1100,False,9999
15843783,1566.1100,False,9999
16256314,1566.1100,False,9999
17103463,1566.1100,False,9999
19888969,1566.1100,False,9999
20195381,1566.1100,False,9999
9582400,1566.1100,False,9999
20195359,1566.1100,False,9999
16256258,1566.1100,False,9999
16256352,1566.1100,False,9999
15368475,1566.1100,False,9999
15368517,1566.1100,False,9999
17103512,1566.1100,False,9999
10577836,1566.1100,False,9999
15765671,1566.1100,False,9999
17103426,1566.1100,False,9999
10592946,1566.1100,False,9999
23336926,1566.1100,False,9999
20195374,1566.1100,False,9999
19229589,1566.1100,False,9999
23336932,1566.1100,False,9999
15750142,1566.1100,False,9999
13167388,1566.1100,False,9999
13173833,1566.1100,False,9999
13168314,1566.1100,False,9999
13167226,1566.1100,False,9999
17103381,1566.1100,False,9999
18677418,1566.1100,False,9999
17103567,1566.1100,False,9999
19889016,1566.1100,False,9999
13174258,1566.1100,False,9999
13174519,1566.1100,False,9999
13167403,1566.1100,False,9999
13164835,1566.1100,False,9999
17103384,1566.1100,False,9999
18677423,1566.1100,False,9999
13168535,1566.1100,False,9999
17103480,1566.1100,False,9999
17103533,1566.1100,False,9999
10577811,1566.1100,False,9999
19888980,1566.1100,False,9999
13174676,1566.1100,False,9999
1202839,1093202.5000,True,936
10677428,1566.1100,False,9999
18677433,1566.1100,False,9999
17103497,1566.1100,False,9999
20195337,1566.1100,False,9999
17103503,1566.1100,False,9999
17103465,1566.1100,False,9999
16256283,1566.1100,False,9999
16256276,1566.1100,False,9999
13174545,1566.1100,False,9999
15843813,1566.1100,False,9999
18677408,1566.1100,False,9999
17103363,1566.1100,False,9999
10485551,1566.1100,False,9999
15368470,1566.1100,False,9999
19889163,1566.1100,False,9999
9005319,626.5000,False,9999
17103551,1566.1100,False,9999
17103449,1566.1100,False,9999
19888886,1566.1100,False,9999
11307272,1566.1100,False,9999
13165719,1566.1100,False,9999
15765714,1566.1100,False,9999
13174406,1566.1100,False,9999
15843774,1566.1100,False,9999
13168621,1566.1100,False,9999
17103368,1566.1100,False,9999
10722130,1566.1100,False,9999
16256350,1566.1100,False,9999
16256245,1566.1100,False,9999
17103383,1566.1100,False,9999
18677427,1566.1100,False,9999
13173976,1566.1100,False,9999
15750104,1566.1100,False,9999
13168652,1566.1100,False,9999
19888966,1566.1100,False,9999
17103420,1566.1100,False,9999
19888996,1566.1100,False,9999
20195377,1566.1100,False,9999
10618760,1566.1100,False,9999
13175228,1566.1100,False,9999
19888934,1566.1100,False,9999
17103436,1566.1100,False,9999
16256274,1566.1100,False,9999
13174364,1566.1100,False,9999
13165022,1566.1100,False,9999
20195362,1566.1100,False,9999
13174117,1566.1100,False,9999
13174798,1566.1100,False,9999
19888836,1566.1100,False,9999
10485505,1566.1100,False,9999
20195369,1566.1100,False,9999
13174015,1566.1100,False,9999
11157634,1566.1100,False,9999
13165370,1566.1100,False,9999
16256368,1566.1100,False,9999
17103476,1566.1100,False,9999
17103481,1566.1100,False,9999
20195352,1566.1100,False,9999
17103507,1566.1100,False,9999
13168602,1566.1100,False,9999
16256357,1566.1100,False,9999
20195375,1566.1100,False,9999
19889010,1566.1100,False,9999
17103454,1566.1100,False,9999
17103395,1566.1100,False,9999
20195378,1566.1100,False,9999
10722139,1566.1100,False,9999
18677411,1566.1100,False,9999
17103569,1566.1100,False,9999
19888983,1566.1100,False,9999
16256272,1566.1100,False,9999
15704486,1566.1100,False,9999
16256325,1566.1100,False,9999
16256293,1566.1100,False,9999
10485431,1566.1100,False,9999
10690205,1566.1100,False,9999
18677409,1566.1100,False,9999
13164732,1566.1100,False,9999
16256317,1566.1100,False,9999
17103413,1566.1100,False,9999
15750092,1566.1100,False,9999
17103396,1566.1100,False,9999
19888985,1566.1100,False,9999
17103562,1566.1100,False,9999
19934659,1566.1100,False,9999
10722136,1566.1100,False,9999
17103573,1566.1100,False,9999
17103494,1566.1100,False,9999
13174271,1566.1100,False,9999
13173553,1566.1100,False,9999
18301010,1566.1100,False,9999
17103406,1566.1100,False,9999
10485477,1566.1100,False,9999
17103412,1566.1100,False,9999
16256311,1566.1100,False,9999
10677400,1566.1100,False,9999
16256233,1566.1100,False,9999
19229563,1566.1100,False,9999
15843768,1566.1100,False,9999
23336913,1566.1100,False,9999
13165808,1566.1100,False,9999
16256275,1566.1100,False,9999
17103357,1566.1100,False,9999
17103478,1566.1100,False,9999
15843808,1566.1100,False,9999
10446550,1566.1100,False,9999
17103470,1566.1100,False,9999
20195361,1566.1100,False,9999
16256323,1566.1100,False,9999
19889058,1566.1100,False,9999
11567354,1566.1100,False,9999
17103482,1566.1100,False,9999
13174775,1566.1100,False,9999
16256308,1566.1100,False,9999
16256316,1566.1100,False,9999
10485467,1566.1100,False,9999
10403604,1566.1100,False,9999
17103421,1566.1100,False,9999
17103484,1566.1100,False,9999
11039546,1566.1100,False,9999
13168565,1566.1100,False,9999
13174405,1566.1100,False,9999
15368480,1566.1100,False,9999
13174591,1566.1100,False,9999
13165572,1566.1100,False,9999
11307273,1566.1100,False,9999
11466777,1566.1100,False,9999
18677416,1566.1100,False,9999
10592970,1566.1100,False,9999
13165752,1566.1100,False,9999
13167115,1566.1100,False,9999
17103443,1566.1100,False,9999
20195335,1566.1100,False,9999
17103492,1566.1100,False,9999
17103525,1566.1100,False,9999
15368474,1566.1100,False,9999
23336872,1566.1100,False,9999
17103540,1566.1100,False,9999
10618727,1566.1100,False,9999
17103387,1566.1100,False,9999
17103572,1566.1100,False,9999
13174753,1566.1100,False,9999
17103437,1566.1100,False,9999
15843773,1566.1100,False,9999
17103543,1566.1100,False,9999
17921357,1566.1100,False,9999
20910487,,,10
13174766,1566.1100,False,9999
17103574,1566.1100,False,9999
20195336,1566.1100,False,9999
15750107,1566.1100,False,9999
17103422,1566.1100,False,9999
16256343,1566.1100,False,9999
15368471,1566.1100,False,9999
19229565,1566.1100,False,9999
20195296,1566.1100,False,9999
13168375,1566.1100,False,9999
17110542,1566.1100,False,9999
13167440,1566.1100,False,9999
17103555,1566.1100,False,9999
15368464,1566.1100,False,9999
16256298,1566.1100,False,9999
20195360,1566.1100,False,9999
17103359,1566.1100,False,9999
17103508,1566.1100,False,9999
16256354,1566.1100,False,9999
23336895,1566.1100,False,9999
15368499,1566.1100,False,9999
13174398,1566.1100,False,9999
15843763,1566.1100,False,9999
20195354,1566.1100,False,9999
17103487,1566.1100,False,9999
15368473,1566.1100,False,9999
17103366,1566.1100,False,9999
20195380,1566.1100,False,9999
20195368,1566.1100,False,9999
10722121,1566.1100,False,9999
15750100,1566.1100,False,9999
17103377,1566.1100,False,9999
13174875,1566.1100,False,9999
10618770,1566.1100,False,9999
9580209,1566.1100,False,9999
19888987,1566.1100,False,9999
15843734,1566.1100,False,9999
15843758,1566.1100,False,9999
17103457,1566.1100,False,9999
10521934,1566.1100,False,9999
17103433,1566.1100,False,9999
16256242,1566.1100,False,9999
18677435,1566.1100,False,9999
19889031,1566.1100,False,9999
17103440,1566.1100,False,9999
19889146,1566.1100,False,9999
17103409,1566.1100,False,9999
19229604,1566.1100,False,9999
15765711,1566.1100,False,9999
16256228,1566.1100,False,9999
13166027,1566.1100,False,9999
10722140,1566.1100,False,9999
13164972,1566.1100,False,9999
16256254,1566.1100,False,9999
13165692,1566.1100,False,9999
17103460,1566.1100,False,9999
15704477,1566.1100,False,9999
16256300,1566.1100,False,9999
19888819,1566.1100,False,9999
13166074,1566.1100,False,9999
13165619,1566.1100,False,9999
15368465,1566.1100,False,9999
19229586,1566.1100,False,9999
17103393,1566.1100,False,9999
17103570,1566.1100,False,9999
15750093,1566.1100,False,9999
19889021,1566.1100,False,9999
13165508,1566.1100,False,9999
19888997,1566.1100,False,9999
17103392,1566.1100,False,9999
13174179,1566.1100,False,9999
19889009,1566.1100,False,9999
13166762,1566.1100,False,9999
17103390,1566.1100,False,9999
11307234,1566.1100,False,9999
13174827,1566.1100,False,9999
16256337,1566.1100,False,9999
13173941,1566.1100,False,9999
17103451,1566.1100,False,9999
15765707,1566.1100,False,9999
19888968,1566.1100,False,9999
17103360,1566.1100,False,9999
10796221,1566.1100,False,9999
13174206,1566.1100,False,9999
13164879,1566.1100,False,9999
17103427,1566.1100,False,9999
17921360,1566.1100,False,9999
15765730,1566.1100,False,9999
23336878,1566.1100,False,9999
13166312,1566.1100,False,9999
10485549,1566.1100,False,9999
17103546,1566.1100,False,9999
17103424,1566.1100,False,9999
17103444,1566.1100,False,9999
17103561,1566.1100,False,9999
10618757,1566.1100,False,9999
10674275,1566.1100,False,9999
15368467,1566.1100,False,9999
17103371,1566.1100,False,9999
15368482,1566.1100,False,9999
23336953,1566.1100,False,9999
11307276,1566.1100,False,9999
13174097,1566.1100,False,9999
13174059,1566.1100,False,9999
16256335,1566.1100,False,9999
19229596,1566.1100,False,9999
17103505,1566.1100,False,9999
17103475,1566.1100,False,9999
17103490,1566.1100,False,9999
20195343,1566.1100,False,9999
17103536,1566.1100,False,9999
15704465,1566.1100,False,9999
16256328,1566.1100,False,9999
13165316,1566.1100,False,9999
10677401,1566.1100,False,9999
17103416,1566.1100,False,9999
19888978,1566.1100,False,9999
15765667,1566.1100,False,9999
10618773,1566.1100,False,9999
19888973,1566.1100,False,9999
17103294,1566.1100,False,9999
19889142,1566.1100,False,9999
13166987,1566.1100,False,9999
17103423,1566.1100,False,9999
13174551,1566.1100,False,9999
17103550,1566.1100,False,9999
18677432,1566.1100,False,9999
17103254,1566.1100,False,9999
11567355,1566.1100,False,9999
15765662,1566.1100,False,9999
16456868,1566.1100,False,9999
17103488,1566.1100,False,9999
16256322,1566.1100,False,9999
15844044,1566.1100,False,9999
20195350,1566.1100,False,9999
10558268,1566.1100,False,9999
17103399,1566.1100,False,9999
15704475,1566.1100,False,9999
17103379,1566.1100,False,9999
10485524,1566.1100,False,9999
13164633,1566.1100,False,9999
16256306,1566.1100,False,9999
17103486,1566.1100,False,9999
13173572,1566.1100,False,9999
16256358,1566.1100,False,9999
20195344,1566.1100,False,9999
20195294,1566.1100,False,9999
20195345,1566.1100,False,9999
17103362,1566.1100,False,9999
17103467,1566.1100,False,9999
19229583,1566.1100,False,9999
20195365,1566.1100,False,9999
15368477,1566.1100,False,9999
15750108,1566.1100,False,9999
13165776,1566.1100,False,9999
17103439,1566.1100,False,9999
17103403,1566.1100,False,9999
20195342,1566.1100,False,9999
13165864,1566.1100,False,9999
10618778,1566.1100,False,9999
16256240,1566.1100,False,9999
15765660,1566.1100,False,9999
13174488,1566.1100,False,9999
15750098,1566.1100,False,9999
17103442,1566.1100,False,9999
17103534,1566.1100,False,9999
20195287,1566.1100,False,9999
23336877,1566.1100,False,9999
15765689,1566.1100,False,9999
20195418,1566.1100,False,9999
15750103,1566.1100,False,9999
15368468,1566.1100,False,9999
19229572,1566.1100,False,9999
10618768,1566.1100,False,9999
15750102,1566.1100,False,9999
13165545,1566.1100,False,9999
16256360,1566.1100,False,9999
13167319,1566.1100,False,9999
13174222,1566.1100,False,9999
17103414,1566.1100,False,9999
19889033,1566.1100,False,9999
15368466,1566.1100,False,9999
10485534,1566.1100,False,9999
15368478,1566.1100,False,9999
15704466,1566.1100,False,9999
13173980,1566.1100,False,9999
13165056,1566.1100,False,9999
20195370,1566.1100,False,9999
19889012,1566.1100,False,9999
18677422,1566.1100,False,9999
13166241,1566.1100,False,9999
17103545,1566.1100,False,9999
13167362,1566.1100,False,9999
13164771,1566.1100,False,9999
16256269,1566.1100,False,9999
15765670,1566.1100,False,9999
17103530,1566.1100,False,9999
10722149,1566.1100,False,9999
16256347,1566.1100,False,9999
15750140,1566.1100,False,9999
17713003,1566.1100,False,9999
13174726,1566.1100,False,9999
15750097,1566.1100,False,9999
11307277,1566.1100,False,9999
17103472,1566.1100,False,9999
15765702,1566.1100,False,9999
13165435,1566.1100,False,9999
17103499,1566.1100,False,9999
11307271,1566.1100,False,9999
17713012,1566.1100,False,9999
15368469,1566.1100,False,9999
23336919,1566.1100,False,9999
13166282,1566.1100,False,9999
13174345,1566.1100,False,9999
17103397,1566.1100,False,9999
13165346,1566.1100,False,9999
17103394,1566.1100,False,9999
15368463,1566.1100,False,9999
17103577,1566.1100,False,9999
20195373,1566.1100,False,9999
10485484,1566.1100,False,9999
11567321,1566.1100,False,9999
13166819,1566.1100,False,9999
10722124,1566.1100,False,9999
17103560,1566.1100,False,9999
17103473,1566.1100,False,9999
19889025,1566.1100,False,9999
10165870,1566.1100,False,9999
16256292,1566.1100,False,9999
20195384,1566.1100,False,9999
9114058,1566.1100,False,9999
13166008,1566.1100,False,9999
19229567,1566.1100,False,9999
10722141,1566.1100,False,9999
13166317,1566.1100,False,9999
19229605,1566.1100,False,9999
17103468,1566.1100,False,9999
11284765,1566.1100,False,9999
23336900,1566.1100,False,9999
16256264,1566.1100,False,9999
10722123,1566.1100,False,9999
15843776,1566.1100,False,9999
17103568,1566.1100,False,9999
17103493,1566.1100,False,9999
17103386,1566.1100,False,9999
15765674,1566.1100,False,9999
17103558,1566.1100,False,9999
16256351,1566.1100,False,9999
17103419,1566.1100,False,9999
19229561,1566.1100,False,9999
13168503,1566.1100,False,9999
17103548,1566.1100,False,9999
13173904,1566.1100,False,9999
13168687,1566.1100,False,9999
17103576,1566.1100,False,9999
11767243,1566.1100,False,9999
15765697,1566.1100,False,9999
13167431,1566.1100,False,9999
19229576,1566.1100,False,9999
19889035,1566.1100,False,9999
10722033,1566.1100,False,9999
13166903,1566.1100,False,9999
17103489,1566.1100,False,9999
20195366,1566.1100,False,9999
20195340,1566.1100,False,9999
13174463,1566.1100,False,9999
13174855,1566.1100,False,9999
18677421,1566.1100,False,9999
13174157,1566.1100,False,9999
15843790,1566.1100,False,9999
17103461,1566.1100,False,9999
16256310,1566.1100,False,9999
20195383,1566.1100,False,9999
17103417,1566.1100,False,9999
13173871,1566.1100,False,9999
17103408,1566.1100,False,9999
15368479,1566.1100,False,9999
20195371,1566.1100,False,9999
17103479,1566.1100,False,9999
10485436,1566.1100,False,9999
15750101,1566.1100,False,9999
1002054,64440.0000,True,1300
1496686,64440.0000,True,1300
1330904,64440.0000,True,1300
19286946,64440.0000,True,1300
946230,64440.0000,True,1300
13307858,64440.0000,True,1300
15018490,64440.0000,True,1300
2290647,26784.0000,False,8
1404219,64440.0000,True,1300
11278051,64440.0000,True,1300
15669220,64440.0000,True,1300
13479217,64440.0000,True,1300
25747057,,,5
12300132,220952.0400,True,185
9580493,85642.4100,False,25
15323348,,,10
18688928,259120.9500,True,1225
453192,5264.0500,True,1000
24686511,111435.5700,True,86
22586224,439020.3800,True,300
1225326,718080.0000,False,375
11606084,,,20
25753111,76470.5800,False,4860
9406801,,,500
11616843,,,20
725559,835686.3000,True,12000
13391026,93925.7000,True,3633
10236418,,,10
9633045,69768.0000,False,34
23401345,451246.2300,True,437
25861973,70563.9000,True,80
9071743,762268.2000,False,275
11247694,92099.0400,False,50
10179965,220467.9000,True,427
22176296,204871.4600,True,350
21172077,180396.0000,False,65
9106476,232800.0000,False,100
302220,2023689.9600,True,26460
9376,179967.2100,False,41
20643484,451400.0800,True,1075
9767107,699999.9600,True,9750
21319465,1228778.8200,True,600
21473443,4098845.3900,True,5750
9546344,,,10
2329684,1796964.7200,True,1215
25850478,473479.5900,True,57120
119079,351690.6400,True,1350
9264192,511203.9000,True,1100
10980780,466828.7700,True,6600
12335710,,,10
25753357,1380326.8000,True,21360
802785,206302.6800,True,12000
10911281,,,200
11326231,,,5
18482502,571737.1300,True,33132
285710,419078.4000,True,1
605088,1035260.0000,False,330
16790414,57098.9100,True,20
23336912,1566.1100,False,9999
10374934,,,5
650167,696617.5300,False,1213
1675929,689664.9600,True,250
18365965,254009.2900,False,1850
22035801,133256.6300,True,1200
2457132,55260.0000,False,55
15357415,223593.7600,True,155
9772212,1020179.6000,True,15600
9197833,633975.1200,True,381
23336891,1566.1100,False,9999
20149016,153615.9600,False,62
25573234,402087.0000,True,163
9454006,247621.0700,True,45
12234767,,,10
9222755,,,25
18288435,630300.1600,True,12881
112173,215884.8000,False,64
999851,45108.0000,False,33
15708106,270220.6900,False,1850
9242688,878170.3200,True,29700
11686326,340303.5100,True,115
11290,858955.5800,True,564
9624314,445401.1200,True,200
369685,,False,25
9336876,2178655.4400,True,46125
9668640,,False,10
11111223,696617.5300,False,1213
11326257,,,5
12874306,309915.7300,True,3720
971806,6368.2500,False,5
605518,4819662.0000,False,200
11794586,85158.8400,False,79
10420638,626838.2900,True,292
24466037,410608.9800,True,950
2223971,542233.2000,False,206
1241855,1750550.0700,False,12600
25950954,299237.2800,True,170
23581380,309223.7600,True,9999
10095651,161088.0000,True,45
18154529,1566.1100,False,9999
11852402,185633.2800,True,80
34989,238949.6000,True,64800
23401944,198432.0000,True,100
11055375,229025.3600,False,74
25787952,97173.8200,True,450
1801676,989112.5000,True,310
9685229,265950.0000,True,102
25467904,385054.4600,True,950
9052342,,,10
9248678,315467.5100,False,170
12947320,205289.4400,False,190
2410151,419606.7600,False,172
1338226,301679.9200,False,76
2438639,212121.2100,True,142000
18979762,,,
9277862,99780.0000,True,2200
802257,212121.2100,True,142000
10080978,102765.0000,False,13400
2115944,121380.0000,True,2200
9130248,139010.3300,True,96
9103636,906375.0000,True,469
9680130,85504.2000,False,131
10350826,22032.0000,False,12
1901284,244494.0000,False,135
17938398,544879.7200,True,700
2138220,516244.7100,False,225
1381317,172923.0400,True,77040
10543126,190520.2700,False,40
25907166,319645.8200,True,65
1876045,212121.2100,True,130000
10074703,102765.0000,False,13400
10534938,,,10
90454,133256.6300,True,1200
19438162,223905.0200,True,68
9157244,560935.4400,True,225
9171143,1076881.2400,True,308
9793618,102765.0000,False,13400
1470967,134681.3000,True,64800
13393362,157759.9600,True,60
11861241,542458.7200,True,10050
22305,6143.4000,False,12
9022239,212121.2100,True,142000
9068843,1351978.3200,False,1140
12963305,49436.6400,False,44
779795,1517295.9600,True,600
473962,1291378.9800,True,2750
420414,351690.6400,True,1350
11041764,130301.2800,False,211
222711,210000.0000,False,15
2416914,141509.3700,False,14105
10129347,53414.4000,False,20
10912695,39822.2200,True,1900
9760554,417397.3200,False,221
10807803,39822.2200,True,1900
323991,339930.6100,False,60
14372590,39822.2200,True,1900
10050471,120900.0000,False,21
18752155,,,10
9716080,483722.0400,True,5040
19042632,39822.2200,True,1900
11242744,39822.2200,True,1900
9953442,330375.2000,True,60000
9985261,252168.0000,True,365
10701310,39822.2200,True,1900
265525,1059600.0000,False,505
2383795,2000597.7600,True,787
11011186,1467240.0000,True,13128
25650986,39822.2200,True,1900
11416143,1579817.3100,True,1690
888015,351690.6400,True,1350
9281891,574043.3500,True,3200
9049906,330375.2000,True,60000
11759742,35994.4700,False,20
11623641,39822.2200,True,1900
25586167,39822.2200,True,1900
9504759,39822.2200,True,1900
13653961,195816.0000,False,72
10006640,1002089.1200,True,350
657902,819000.0000,False,28080
11732532,330375.2000,True,60000
10187805,39822.2200,True,1900
9619189,39822.2200,True,1900
1494899,148050.0000,True,50
2087942,142977.8800,True,2100
11479242,109160.1600,False,226
302164,835059.4800,False,17280
22328999,39822.2200,True,1900
16080689,93925.7000,True,3633
640880,448944.0000,False,2256
11211966,39822.2200,True,1900
11495670,39822.2200,True,1900
15158276,275692.5600,True,206
10302574,36096.0000,False,20
620462,341653.9100,True,67
13094706,39822.2200,True,1900
11315643,39822.2200,True,1900
11623139,39822.2200,True,1900
42274,48060.0000,False,45
1319834,124625.7000,True,35
9604037,39822.2200,True,1900
1024340,338477.8200,True,120
25448991,284126.6400,True,6300
11563985,95479.7700,False,43
13611272,39822.2200,True,1900
414345,925548.8400,True,750
13608181,39822.2200,True,1900
2338242,647972.0500,True,100
74726,448066.6400,False,150
15808994,235274.4700,True,216
23765890,,,20
10951414,39822.2200,True,1900
21851623,,,5
11482497,21492.0000,False,9
13381449,20880.0000,False,12
19296756,39822.2200,True,1900
25522167,39822.2200,True,1900
9780490,132898.3200,False,30
16223859,39822.2200,True,1900
9803475,39822.2200,True,1900
2134345,429571.2000,True,200
25389194,39822.2200,True,1900
13380330,39822.2200,True,1900
821742,489690.6400,True,1350
655155,453975.1600,True,60000
11340143,134762.3300,False,
14770443,39822.2200,True,1900
13607887,39822.2200,True,1900
11500486,39822.2200,True,1900
22193106,39822.2200,True,1900
11471587,,,10
594892,1994285.3300,True,742
10189195,,False,8
14324572,1893535.9200,True,2223
11120146,90908.1600,False,69
11512160,39840.0000,False,45
9400168,,False,30
1996094,1043196.1200,True,385
9572554,,False,5
10947934,,,5
639747,,,10
828869,315065.9600,True,279
11840443,170350.4000,True,40
18300852,21672.0000,False,1
527873,876446.9100,True,875
9894932,,,10
9814705,287505.2800,True,1500
1365594,224059.2000,False,175
9039038,103673.3300,True,25
9436450,,,5
10490255,78460.0000,True,28
9779528,106823.9900,False,48
43400,838810.1300,True,48600
9926179,517091.7500,False,802
9895132,,False,13
10281847,52011.0000,False,15
9134214,111823.5600,False,53
2417668,62334.0000,False,82
13569064,204439.9200,True,158
9793089,,,30
1041957,30139.2000,True,1
479262,84672.0000,False,48
11314681,93925.7000,True,3633
9065531,87912.0000,False,38
1506503,636819.2900,False,330
1303873,32448.0000,False,16
496354,157017.5900,True,1200
19232126,442301.7000,True,215
2075283,66000.0000,False,19
280124,1686087.3900,False,884
162971,69180.0000,False,23
830365,1040400.0000,False,21600
11765871,173483.6800,False,80
19110540,67964.4800,False,123
9262772,215484.0000,False,58
606327,,,5000
12707725,,,5
11196567,,,10
9071055,663734.6400,True,11700
11446614,,,5
10558720,101007.2300,True,1200
25429425,28934.0200,False,12
71544,119120.0400,False,46
19023510,143406.0000,True,100
11509778,57946.8000,False,43
10861522,10476.0000,False,10
2285337,8597.1400,False,9
9582232,,False,5
12582757,397461.4800,True,3060
20670217,790349.0400,False,15233
10936058,,,5
10262413,77400.0000,False,30
14138822,,,10
11279154,367200.0000,False,180
9484539,89127.0000,False,121
534447,,False,25
650545,450674.0400,True,11060
1880852,,,5
10302901,,,20
2359162,240685.3800,True,94176
1593505,67080.0000,False,26
10243824,190104.8100,True,86
10835898,,False,850
10266138,12961.4700,False,5
11905843,430060.0200,True,10800
20075364,,,5
23647,61405.2800,False,9
25560584,,,5
19375622,,,10
14678955,,,10
15132755,,,10
18401957,,,10
18219033,,,5
20907677,,,10
19228023,,,5
18199542,,,10
20029132,,,5
10557657,,,200000
24870439,39043.1700,True,300
24515643,39043.1700,True,300
24515693,39043.1700,True,300
24579177,,,5
22302359,,,5
20458198,,,5
2342933,259120.9500,True,1225
19744819,,,5
20156552,,,5
18764547,,,10
944261,173100.0000,True,15
18045907,,,10
24786646,,,10
327250,,False,50
9398317,240790.7900,False,114
986716,,False,50
14697078,,,10
17217577,63573.1200,False,33
988580,,,5000
25645175,,,30
10254759,418274.6400,False,211
634779,,,23
24681073,,,10
19943293,7500.0000,False,10
25761526,87217.3800,False,63
14709933,4375.5000,False,3
25971787,4695.2100,True,15
25761547,60913.7200,False,44
13543671,,,5
1103092,124590.0000,False,50
14675761,120747.3600,True,3633
15048269,112369.5600,False,38
11090255,,,5
9068993,,False,20
1762783,189148.8000,False,85
2030218,271347.7200,False,120
23592443,,,10
241537,550014.0000,False,155
20995777,358917.7900,True,189
1986658,63308.3100,False,20
24384611,379.6300,True,9270
537209,592736.2500,True,452
25861074,5264.0500,True,1000
24086003,29260.0000,False,10
10393023,,False,5
18563935,1566.1100,False,9999
25386584,2537487.0400,True,4480
13543669,,,5
1851374,452337.5900,True,161
793193,114771.7200,True,660
9772156,1509609.5200,True,1300
1858348,114771.7200,True,660
9545890,724564.0200,True,1900
13184965,196197.8500,True,1200
22181045,332524.2800,False,200
10581604,47939.9900,True,950
47685,2476.8000,False,90
18879765,42817.6700,True,30
84952,220700.0000,True,50
1939143,77016.0000,True,111
12146356,662151.4200,True,1000
2426808,643552.7700,True,250
131838,348672.0000,False,227
716215,31790.0500,True,26
9611154,47939.9900,True,950
13887772,2476.8000,False,90
86104,351690.6400,True,1350
10322611,2476.8000,False,90
9669655,65520.0000,False,31
1407322,105250.8800,False,54
17699470,2476.8000,False,90
12128299,862367.7400,True,350
2032535,24843.5200,True,100
16467110,47939.9900,True,950
21105457,574766.6900,True,600
15203203,133107.5600,False,105
18422490,479989.7600,False,194
941346,437684.0800,False,200
22459774,177994.6500,True,1500
1929630,105162.0000,False,33
2360897,67896.0000,True,91
354269,518946.7200,True,212
10578542,593836.4400,False,295
2126249,849872.8200,True,2030
17586122,112994.9500,False,85
2383548,1416570.0000,False,507
9279496,215960.5900,True,745
949551,24843.5200,True,300
9022255,19735.2000,False,7
2084965,137103.3900,True,220
9659718,54377.2800,False,23
492112,47939.9900,True,950
1370779,217895.0400,True,300
20750764,141504.0000,False,134
9462741,861146.3200,True,646
11386771,42762.9100,True,950
9100745,86305.3600,True,7
9435397,,,30
9729005,444034.8600,True,745
10198128,866806.1100,True,960
752234,24843.5200,True,100
1964505,47939.9900,True,950
874539,114771.7200,True,660
10187043,18004.8000,False,11
11466451,42762.9100,True,950
12992197,82047.6000,False,213
10110815,2476.8000,False,90
9131610,2476.8000,False,90
9575902,,False,5
22222110,,False,1200
25290992,163637.0800,True,729
924655,2476.8000,False,90
696999,114771.7200,True,660
12513553,524757.8800,True,1500
24935812,177994.6500,True,1500
18888169,2476.8000,False,90
25332321,163637.0800,True,729
349753,56449.7700,True,950
2016348,744278.2200,True,2100
578896,351113.9700,True,800
19278730,263210.6900,True,228
11506136,2476.8000,False,90
9279519,215960.5900,True,745
9476581,350940.0000,False,91
10030004,47939.9900,True,950
9192335,1360743.7900,True,3435
1919391,297092.7300,False,100
11466134,42762.9100,True,950
11437805,90366.8400,True,245
16829718,,False,1200
10717817,173024.8800,True,122
9504,204192.4900,True,660
10680210,47939.9900,True,950
1068716,281499.2500,True,738
25396485,13363.1500,True,30
745032,2476.8000,False,90
1267109,764750.6400,False,335
9508263,47939.9900,True,950
25767412,43524.2400,False,53
2148950,1081375.7300,True,2030
14418507,307510.3200,True,200
1497081,404552.2700,True,1500
14012606,62061.0100,True,175
453557,114771.7200,True,660
14212455,132000.0000,False,100
2160448,133256.6300,True,1200
2093546,87426.0000,True,3
25627590,47939.9900,True,950
410268,527160.0000,False,230
22242066,156978.6800,False,129
10933424,,,10
925542,2476.8000,False,90
10820569,662168.5800,True,1000
267657,331886.7600,False,135
22407453,5280.0000,True,191
16254335,177994.6500,True,1800
10239626,133256.6300,True,1200
9646854,2476.8000,False,90
17713515,531412.0800,True,1215
2017131,114771.7200,True,660
582573,431178.2400,False,453
9546163,724564.0200,True,2100
1376322,15759.0000,False,17
25568723,7222.4300,True,1365
16691626,252168.0000,True,365
1413074,232086.9600,True,52
9589499,30048.0000,True,8
10213741,256053.8000,True,720
2115086,24843.5200,True,100
966382,385619.9800,True,405
14024289,116982.0300,False,50
17698326,2476.8000,False,90
9802387,162197.8900,True,1200
9449025,114771.7200,True,660
713417,215960.5900,True,745
16168248,944456.0400,False,430
25627579,47939.9900,True,950
24965495,163637.0800,True,729
9246392,47939.9900,True,950
454321,604128.0000,True,440
10013899,69000.0000,False,25
488292,830108.5200,False,525
780261,1034339.5500,True,5420
18840181,177994.6500,True,1500
2000676,417528.0000,False,210
2073780,,False,1200
18617321,177994.6500,True,1500
2474461,1296243.7200,True,555
647406,66060.0000,False,36
13878865,178498.5600,False,60
9149845,80830.3200,True,33
11130634,1360743.7900,True,3035
1185556,2476.8000,False,90
10030056,47939.9900,True,950
23754127,114434.4000,True,72
9521189,2476.8000,False,90
1718156,322054.5600,False,237
14037017,69210.9200,True,560
18879770,51624.7200,True,50
16647566,59229.3700,True,560
9546174,724564.0200,True,2100
10697755,198695.0400,True,300
11208528,,,5
20284817,293944.0200,True,5
1857661,611656.4900,True,1150
586358,155756.6300,True,1200
10867009,2476.8000,False,90
16448768,142464.8200,True,50
88181,392520.0000,False,240
645858,41000.0400,False,15
11469511,144799.2000,False,107
14023106,62061.0100,True,175
14904032,343200.0000,True,220
1164042,,False,35
555635,41795.6400,False,12
810911,107520.0000,False,70
781284,3302276.3100,True,8500
10317962,2476.8000,False,90
9216317,160881.4900,True,100
15965785,116199.1200,True,45
21032961,546770.4700,True,408
269012,307536.6400,True,3000
354735,451982.2500,False,595
9566193,2476.8000,False,90
16877789,10809.0000,False,7
12978256,62061.0100,True,175
2326296,777000.0000,False,350
481384,114771.7200,True,660
833903,70477.8700,False,45
11819381,122832.0000,True,80
18269796,2476.8000,False,90
885992,438366.3900,True,600
10733254,154140.0000,True,30
25435166,114664.9300,True,80
10346833,42762.9100,True,950
18840120,177994.6500,True,1500
11314992,90366.8400,True,245
11314991,90366.8400,True,245
870694,2476.8000,False,90
313952,290610.0000,False,153
9974045,217765.8000,True,178
10198124,24843.5200,True,100
10712196,2476.8000,False,90
25158261,26085.4000,False,620
10247405,20696.8200,False,5
19543204,17238.3900,True,408
11040803,,,5
10361892,47939.9900,True,950
2445899,61009.2000,False,21
12041177,53634.8800,False,2233
11798814,42762.9100,True,950
10885770,64076.4000,True,160
9882882,215960.5900,True,745
15842170,2685.6000,True,30
513073,53634.8800,False,2233
551876,435774.3600,True,763
10060157,47939.9900,True,950
19996950,42762.9100,True,950
1176363,104448.0000,False,68
19543280,17238.3900,True,408
881446,56449.7700,True,950
11345649,47939.9900,True,950
9475366,47939.9900,True,950
974221,256053.8000,True,720
11437337,90366.8400,True,245
678183,971611.9700,True,400
859601,,,5
9207248,109842.3500,False,125
10098530,,,5
10363981,,,10
9925800,203661.0000,True,75
12478091,,,10
9781693,39822.2200,True,1900
9040347,39822.2200,True,1900
25801191,47067.7600,True,1900
11576009,,,10
10448300,,,20
14007367,,,20
10773965,,,5
24027695,,True,1600
16164811,,,10
766587,65736.0000,False,22
14306935,,,5
14923431,76377.6000,False,44
11392099,63439.9200,True,39
12138690,,,30
11534348,,,25
12360594,,,5
17668425,93031.8700,False,56
10791375,142977.8800,True,2100
11510883,,,10
10816011,,,5
13961505,,,20
12549423,42039.3800,False,38
13760574,556407.9900,True,45
18642224,,,5
20782282,21588.0000,False,15
15078794,,,20
19145579,,,5
22026308,24082.7900,True,7
20486627,,,5
11480959,142977.8800,True,2100
2395482,142977.8800,True,2100
10070158,142977.8800,True,2100
2245471,142977.8800,True,2100
11171037,142977.8800,True,2100
787891,672433.9800,False,357
10013535,142977.8800,True,2100
2430583,142977.8800,True,2100
14578879,151653.6000,False,236
13613838,,,5
2216906,142977.8800,True,2100
126563,459399.9600,False,
2231801,142977.8800,True,2100
990211,142977.8800,True,2100
16231370,,,5
18073702,,,5
10816571,,,20
10967410,259120.9500,True,1225
16672273,,,10
1614414,1377789.6000,True,580
15336814,2186.0100,False,4
16730754,,,10
15254862,,,10
15553730,142977.8800,True,2100
14644650,,,10
1955318,61207.4900,False,40
16672209,,,10
10884452,183365.1500,True,1600
17227010,,,5
2340719,142977.8800,True,2100
15137647,15732.0000,False,12
2263847,379058.8100,True,308
1850765,29539.2000,False,10
779333,487120.9500,True,1225
14198071,,False,10
18210823,,,10
1379487,,,8400
25744650,,,5
15393671,,,10
10225190,131778.3600,True,70
22770919,,,5
9496739,2789255.7500,False,2037
15202425,,,10
602007,,,10
20245944,,,5
25402031,,,5
24930354,39043.1700,True,300
9289867,4536.0000,False,77
16672186,,,10
11184455,,,5
22323806,,,5
15563751,,,5
19804341,,,20
1226579,327225.6000,False,115
22122030,229973.0900,True,344
15459910,,,10
18445024,,,5
22147093,,,10
9297104,,,5
1023904,,False,200
9541980,,False,20
16658071,78301.4800,False,75
18744799,25538.4000,False,18
21970204,214914.0000,True,162
121256,497445.0000,False,165
9268392,503786.3400,True,316
2288821,,False,10
14373747,16680.0000,False,15
21276518,,,10
16262318,,,5
20365341,,,5
21242264,,,5
16229834,,,5
11067237,,,20
18899807,,,5
20156377,,,5
14704028,,,10
9449432,,,10
18370786,,,5
18709103,839659.3100,True,1260
9329530,,,10
1529644,,False,20
18979890,,,5
15120671,259120.9500,True,1225
17103342,,False,9999
15137667,,,5
17524508,,,5
15222835,,,10
18893014,,False,10
17208991,2988.0000,False,1
20688394,,,5
25380631,,True,279
2288766,142977.8800,True,2100
17843080,,,10
19373076,142977.8800,True,2100
17215924,142977.8800,True,2100
1006148,142977.8800,True,2100
10113050,55200.0000,False,40
25799600,29280.0000,False,64
21249148,141493.8000,True,116
11542602,206569.2300,True,20000
9020356,577563.0000,True,7800
2240712,447930.0000,False,237
21960520,,,5
15250771,668008.8300,True,7200
10002803,58272.0000,False,28
2367806,327376.3100,True,130
2125193,992700.0000,False,7920
9386365,26108.9500,False,20
10435564,140425.0600,True,70
786084,191735.0400,True,65
193732,402642.0000,False,125
18784547,47939.9900,True,950
26003965,,,105
16221748,215960.5900,True,745
18609056,1067788.9700,True,1042
11195876,30438.0000,False,11
14187300,,,20
15687257,46440.0000,False,32
1504459,1262113.5400,True,14700
732720,920274.4300,True,19943
11066715,47939.9900,True,950
12855367,,False,10
12515966,,,15
11039307,593075.1900,True,205
13169997,,,5
105615,399555.6000,False,185
1329745,,,10
11131050,2202896.2800,False,54000
9732284,166560.0000,False,83
25116172,507453.3600,True,326
11814850,,,5
18767422,156092.1600,False,300
13566956,1486675.9900,True,670
11252858,,,5
12777974,859491.0000,False,10
9878110,118579.6300,False,55
19917032,102765.0000,False,13400
24837692,,,45
14163716,89826.0000,False,66
12993525,369099.9900,True,9000
11053047,467870.0000,False,220
12063374,,,10
24447420,,False,12680
16824002,,,5
130539,,False,20
17953902,59280.0000,False,44
1046014,161313.3600,False,61
12788941,,,10
624144,418077.6800,False,945
15275721,,,10
12763410,84302.7600,False,49
9339393,314574.0000,True,85
9046181,170282.3000,True,40
10679856,93925.7000,True,3633
11478446,461880.1100,True,7200
1981463,43776.0000,False,96
931193,78903.0000,False,33
20147243,,,5
11706408,93925.7000,True,3633
21046025,93925.7000,True,3633
11975325,68702.4000,False,78
10853234,147504.9500,True,850
9805906,630627.8400,True,10575
12075009,93925.7000,True,3633
10383454,57108.0000,False,11
16297060,2685.6000,True,30
978257,39420.0000,False,10
10683160,39876.0000,False,17
13262975,93925.7000,True,3633
2014705,50400.0000,False,21
9210764,112637.0000,False,
13957146,97926.4800,False,35
10679867,93925.7000,True,3633
13262996,93925.7000,True,3633
10745965,,,5
10088868,93925.7000,True,3633
1001730,1226355.2400,True,36000
10679883,93925.7000,True,3633
2284135,24482.1600,False,18
1090355,1356233.5200,True,464
16397189,32448.0000,False,13
9747139,93925.7000,True,3633
25952752,,,5
9737133,,,30
13471629,1584000.0000,True,1000
19736357,93925.7000,True,3633
13262990,93925.7000,True,3633
17793417,93925.7000,True,3633
2009454,136169.6400,False,53
25828901,,,10
21667246,548320.5300,True,246
18007651,93925.7000,True,3633
841673,5164699.9200,True,1800
25732418,,True,100
9529395,,False,10
17495748,93925.7000,True,3633
9486868,93925.7000,True,3633
10921335,39364.2300,True,45
9510957,,False,5
810615,142007.0400,True,48
19513653,70140.0000,False,29
9899103,,False,5
2079714,1213160.0000,True,12000
10601024,24336.0000,False,12
9697510,,,10
13620584,,,10
12859984,,,10
11132677,,,8
9214421,61440.0000,False,32
10209977,,,20
1004061,416640.0000,False,243
1983935,269062.2000,False,75
17731506,125636.0100,False,120
17701102,132976.8000,True,42
12850838,1167646.9200,False,550
13470471,207579.1400,True,189
208890,,False,30
10317555,373411.3100,True,110
11039281,804304.0000,True,3100
280129,75240.0000,False,34
461787,435616.8000,True,155
9260899,357360.0000,False,307
9789358,253572.0000,False,510
24096177,29072.4600,False,12
20491185,122563.1600,False,93
9566779,,False,5
13083571,41551.9200,True,1
1937944,540273.3200,True,7764
541139,880035.6400,False,505
987567,217018.9200,False,217
25551596,23244.0000,False,23
9642922,,False,5
2318861,592766.6900,True,600
1161573,28657.1400,False,10
2357269,382161.9400,True,560
9377378,751452.4000,True,296
10481756,,,10
918842,351690.6400,True,1350
9555296,366644.4300,False,135
10578627,93925.7000,True,3633
9702143,,,20
1990310,454855.9200,True,100
26563,5513604.5700,True,73800
17419929,70992.0000,False,24
888863,820380.0000,True,2298
9693423,,False,5
10578631,93925.7000,True,3633
15620072,254624.0700,False,95
10679864,93925.7000,True,3633
9416219,384240.0000,False,235
2412570,77347.0000,False,26
2461701,2560700.0400,False,680
25599790,,,5
2473551,1386920.1200,True,49418
2015926,22922.9400,True,12
454327,29796.0000,False,11
10853226,138183.0800,True,850
9459203,480126.0000,False,399
11152956,45360.0000,False,40
25176867,3950310.0200,True,1200
2464167,147423.9600,False,139
9785137,156924.0000,False,48
18581231,208800.0000,False,160
26059865,,,3633
10488863,,,10
196447,891481.1900,True,438
9255074,,False,5
25460930,,,5
10054934,263958.7200,False,714
9121342,,False,10
1359437,6440642.8000,True,150042
9017282,450000.0000,False,250
9028340,84313.3600,True,5
12072544,244514.0900,True,105246
10611424,,False,5
2260540,,,50
9048466,183365.1500,True,1600
22642643,,,20
18570123,88142.7100,False,68
10780355,,,5
18829664,,,10
21220579,,,5
653112,272882.1800,True,390
10362431,,,5
9742390,,False,20
25801062,,,20
19992724,,,5
10883370,544186.5300,True,581
21803474,,,5
899047,225000.0000,False,125
17214649,,,10
14305633,,,5
10737023,1718996.0400,True,1650
2023450,183365.1500,True,1600
24084217,,,40
17843630,,,10
24281613,115011.2700,True,70
9939801,259120.9500,True,1225
24937934,,,5
314047,142977.8800,True,2100
9432087,46892.1600,False,16
15348808,,,10
22651720,,,10
21239753,648405.4800,True,170
15330086,,,5
2232033,,,5
15894467,5976.0000,False,2
18643097,,,5
18469444,,,10
