INSTANCE_ACCOUNT_ID,CONTRACT_RENEWAL_DATE
454321,2027-03-30
1929630,2026-10-24
10262413,2026-10-30
253623,2027-11-30
481325,2027-04-30
20296227,2027-03-26
9589499,2027-10-10
12146356,2027-11-21
18879765,2027-03-30
657902,2027-12-30
11593212,2029-02-01
10209977,2027-03-13
13640597,2027-09-30
10188048,2026-11-13
25176867,2036-04-01
15843783,2027-05-28
15687257,2026-08-01
20195390,2026-11-28
11326257,2026-09-01
11534348,2026-10-14
9348963,2027-07-08
873384,2027-04-08
10448300,2026-12-16
10350826,2026-10-30
653112,2027-03-31
1937944,2028-06-28
18752155,2026-10-10
13184965,2027-09-30
11011186,2027-06-16
1930229,2027-07-03
146147,2026-09-12
26067094,2027-01-13
15048269,2026-09-18
17103573,2026-11-28
12788941,2027-03-09
13169997,2027-05-13
11055375,2026-08-30
13174345,2026-11-28
10558720,2026-09-29
13531317,2026-08-22
9772156,2027-05-29
16824002,2027-04-05
43400,2027-06-30
13173904,2026-11-28
9454006,2027-01-01
950185,2027-01-01
11616843,2026-11-03
410268,2027-06-24
17103442,2026-11-28
16256247,2026-11-28
12075009,2028-11-28
9155470,2027-03-11
21172077,2026-07-23
15336814,2026-10-26
15765659,2026-11-28
19889036,2026-11-28
17103366,2026-11-28
15843747,2026-11-28
20195287,2026-11-28
16239101,2027-01-31
17103449,2026-11-28
20486627,2027-05-08
17506956,2028-11-28
908178,2027-09-30
9541030,2026-10-31
2412570,2026-11-18
9145426,2026-12-14
25389194,2026-11-30
639747,2027-04-29
208890,2026-08-10
19889045,2026-11-28
16256223,2026-11-28
10933424,2027-05-17
12063374,2027-01-13
9732284,2027-03-25
889817,2028-06-29
12436951,2027-03-21
16256281,2026-11-28
369685,2027-07-06
9180729,2026-09-09
14305633,2026-08-03
978257,2026-07-25
781284,2027-04-01
20537890,2027-04-10
888110,2035-06-27
15843753,2026-11-28
11567250,2026-11-28
1603073,2028-11-30
9391089,2027-07-01
12859984,2027-03-12
13543671,2027-05-18
11196566,2026-09-21
15550588,2026-11-16
9377378,2026-09-30
23765890,2027-03-03
586358,2027-09-30
276624,2027-04-23
11565879,2026-11-28
11196565,2026-09-21
18642224,2026-10-18
23164309,2028-11-21
16256354,2027-05-28
634376,2028-02-15
16256182,2026-11-28
17103340,2026-11-28
15765734,2026-11-28
19889160,2026-11-28
1202016,2027-01-01
18222077,2027-07-26
22459774,2030-08-31
9802387,2027-09-30
20414444,2028-06-07
18677409,2026-11-28
10297764,2026-10-22
10534938,2026-07-31
13408428,2026-11-28
20910487,2027-05-27
13174405,2026-11-28
15547259,2026-11-28
19888966,2027-05-28
19888973,2026-11-28
2213152,2027-09-30
15254862,2026-10-18
10420638,2026-12-31
9989944,2027-12-17
26343827,2027-04-01
20195392,2026-11-28
10618750,2026-11-28
9402216,2027-04-17
2177403,2028-06-28
1983935,2027-01-31
11314681,2028-11-28
11656405,2027-05-28
19232126,2030-03-28
13262975,2028-11-28
10205045,2026-09-22
19888968,2026-11-28
11567254,2026-11-28
19888934,2027-05-28
13165619,2026-11-28
24256268,2029-03-31
1923039,2028-01-30
10679856,2028-11-28
24084217,2027-01-29
17103319,2026-11-28
11567210,2026-11-28
13566956,2027-04-30
10112923,2026-08-25
16256287,2027-05-28
15158276,2035-01-31
20284817,2034-11-05
14923431,2026-10-21
1161573,2029-07-01
9242688,2029-04-25
678183,2027-09-30
688946,2027-06-30
19184875,2026-11-28
16256255,2026-11-28
10722129,2027-05-28
10677427,2026-11-28
752234,2027-07-31
25396485,2027-09-30
19889088,2026-11-28
15368516,2026-11-28
10981878,2026-11-28
10592970,2027-05-28
9390984,2028-12-01
12072544,2027-03-30
19352639,2026-11-28
11158369,2026-11-28
19889107,2026-11-28
16256269,2027-05-28
488292,2027-07-31
17103386,2026-11-28
10383454,2026-08-12
24281613,2028-06-23
15547255,2026-11-28
16168248,2027-05-08
435890,2028-03-31
680652,2026-08-15
19228023,2026-12-01
13165776,2026-11-28
10592959,2026-11-28
9689406,2027-02-13
14988463,2026-11-28
13166819,2026-11-28
13783037,2026-11-28
1185556,2026-08-31
18677411,2026-11-28
13167431,2026-11-28
2359534,2028-03-28
16256234,2026-11-28
15368477,2026-11-28
15740255,2026-11-28
17103427,2026-11-28
11567310,2026-11-28
15765661,2026-11-28
10689870,2028-01-04
15750135,2026-11-28
16256307,2026-11-28
2023450,2027-07-14
11567312,2026-11-28
9069980,2030-07-01
17103309,2026-11-28
20019826,2027-02-27
18469444,2026-09-09
15765673,2026-11-28
713417,2027-10-30
15750141,2026-11-28
11567278,2026-11-28
13774012,2026-11-28
19888885,2026-11-28
11567253,2026-11-28
19889025,2026-11-28
1277716,2027-07-01
22439940,2026-12-10
17103529,2026-11-28
13174726,2026-11-28
20195374,2026-11-28
12128299,2028-04-29
21105457,2026-10-18
10580590,2028-12-29
16256227,2026-11-28
2004332,2028-01-04
22181045,2027-11-06
11039545,2026-11-28
15368474,2026-11-28
19889161,2026-11-28
13781092,2026-11-28
18744799,2026-12-18
13167218,2026-11-28
19296756,2026-11-30
10592946,2027-05-28
10677401,2027-05-28
19229551,2026-11-28
17103289,2026-11-28
70804,2028-02-25
23336895,2026-11-28
19888825,2026-11-28
2045581,2026-11-28
16256311,2027-05-28
11567314,2026-11-28
13167440,2026-11-28
11079052,2026-11-28
11567239,2026-11-28
19186184,2026-11-28
19229561,2027-05-28
19229567,2027-05-28
15134075,2028-11-30
15765733,2026-11-28
16256352,2027-05-28
14373747,2026-08-16
13783048,2026-11-28
14988465,2026-11-28
10857785,2026-11-28
17103379,2026-11-28
16447303,2027-02-23
10677395,2026-11-28
10618773,2027-05-28
18888169,2026-08-31
2070146,2027-12-23
1494899,2027-03-31
10038087,2028-01-04
10722154,2026-11-28
11512160,2027-09-30
11656404,2026-11-28
15368483,2026-11-28
20195308,2026-11-28
370506,2028-03-31
19888996,2026-11-28
11567249,2026-11-28
20149016,2026-12-31
17103371,2026-11-28
10485505,2026-11-28
19888924,2026-11-28
17103507,2026-11-28
20195372,2026-11-28
2342933,2028-03-28
13173941,2026-11-28
2285337,2027-05-22
10618727,2027-05-28
9046181,2027-01-09
24447420,2027-03-28
14578879,2026-09-29
477665,2027-03-21
1939143,2027-03-14
11307269,2027-05-28
19543280,2027-06-14
15765642,2026-11-28
16256283,2027-05-28
14580270,2027-03-01
13166282,2026-11-28
17103368,2026-11-28
11567276,2026-11-28
20195301,2026-11-28
10485499,2026-11-28
11567270,2026-11-28
10431875,2026-11-28
19425295,2026-12-15
11567246,2026-11-28
11567355,2027-05-28
13781481,2026-11-28
13887772,2026-08-31
9785137,2027-04-30
13783096,2026-11-28
594892,2028-10-14
1191308,2027-09-30
16043953,2028-11-28
810615,2027-08-27
20195389,2026-11-28
16256322,2027-05-28
20195294,2026-11-28
10722148,2026-11-28
19888827,2026-11-28
15368481,2026-11-28
26374038,2028-02-15
20195379,2026-11-28
313952,2027-06-12
10491577,2027-09-30
10133906,2026-11-28
13781815,2026-11-28
13173553,2026-11-28
18677418,2026-11-28
513073,2029-08-12
84409,2027-02-16
647406,2027-04-30
13168535,2026-11-28
11171037,2027-06-28
120696,2027-06-30
10577774,2026-11-28
15844045,2026-11-28
10110815,2026-08-31
15750142,2026-11-28
15547278,2026-11-28
662850,2027-02-16
2217715,2029-06-30
769493,2027-12-31
830444,2027-11-08
20782282,2027-06-24
25290992,2028-05-23
19158503,2028-10-14
19889011,2026-11-28
19186177,2026-11-28
9656525,2026-09-30
26378443,2027-04-10
2282464,2027-09-30
2032535,2027-07-31
9646854,2026-08-31
1821826,2027-03-30
18561409,2026-12-05
9496080,2026-12-02
86114,2027-06-14
230122,2026-11-25
1850765,2027-07-11
10050471,2027-06-26
16297060,2027-04-13
810911,2028-12-06
25966728,2028-11-28
12360594,2027-02-15
10082809,2027-06-03
14949990,2026-12-31
18581231,2026-12-04
13262996,2028-11-28
201622,2026-08-20
11686326,2027-01-01
10557657,2027-02-01
10745965,2027-04-13
61840,2028-02-25
9546344,2027-01-26
11041764,2027-06-25
9997623,2026-08-08
12644683,2029-05-04
9895132,2027-05-20
115648,2026-07-25
259623,2026-08-15
10611424,2027-02-04
22666891,2027-12-10
11013201,2027-03-31
18609056,2027-12-31
2148950,2026-09-29
19513653,2027-01-11
13391026,2028-11-28
26003965,2031-04-30
13081740,2027-03-24
11479242,2029-03-31
9968923,2027-05-13
170270,2028-12-31
9222755,2026-09-01
14519463,2026-08-04
16256202,2026-11-28
17103415,2026-11-28
17103512,2026-11-28
15368498,2026-11-28
18422490,2027-08-31
13381449,2026-07-30
11242744,2026-11-30
17308271,2027-05-16
16256217,2026-11-28
2313029,2027-06-12
2288821,2026-11-16
9672749,2027-01-26
15415396,2026-10-01
16256196,2026-11-28
15843733,2026-11-28
17103339,2026-11-28
10618761,2026-11-28
15750100,2026-11-28
15750101,2026-11-28
17103341,2026-11-28
10677425,2026-11-28
19184873,2026-11-28
22122030,2030-03-29
11567241,2026-11-28
420414,2027-03-30
12335710,2027-02-03
25386584,2029-06-30
986716,2027-04-14
25907166,2028-12-31
10370401,2026-11-03
9261553,2028-05-31
25645175,2027-02-19
26563,2027-05-30
25861074,2030-09-30
11385788,2028-05-01
222711,2028-04-28
11111223,2027-07-01
18979890,2026-12-08
20670217,2026-12-27
10302901,2026-10-28
17103492,2026-11-28
16079130,2027-01-09
10722120,2026-11-28
11307270,2026-11-28
121256,2027-10-18
19889151,2026-11-28
25799600,2026-10-31
14012606,2028-06-30
974221,2027-07-22
17103470,2026-11-28
13174591,2026-11-28
11567344,2026-11-28
9394218,2026-11-28
20195411,2026-11-28
10618779,2026-11-28
16256316,2027-05-28
15250771,2027-11-15
9071055,2027-12-28
9386365,2027-03-18
16223859,2026-11-30
11567323,2026-11-28
11541365,2026-11-28
11472392,2026-11-28
16256180,2026-11-28
19888961,2026-11-28
19229605,2027-05-28
10302574,2026-07-30
17524508,2027-06-05
15704466,2027-05-28
17103409,2026-11-28
25747057,2026-11-26
15750124,2026-11-28
1486208,2028-12-01
19888965,2026-11-28
11252858,2026-08-18
19375622,2026-12-12
659593,2026-11-25
11567297,2026-11-28
11541367,2026-11-28
14988483,2026-11-28
15222835,2026-10-18
24096177,2026-08-10
11247781,2026-11-28
17103357,2026-11-28
17103530,2026-11-28
13781413,2026-11-28
25761547,2026-11-06
16256179,2026-11-28
19889058,2026-11-28
15533713,2026-11-28
14997153,2026-09-22
19888983,2026-11-28
10796200,2026-11-28
22323806,2026-09-26
17586122,2027-01-30
16256219,2026-11-28
132862,2027-03-29
17103362,2026-11-28
18840120,2030-08-31
15765663,2026-11-28
9611154,2026-07-30
1370779,2026-07-30
15263899,2028-11-28
15547242,2026-11-28
13773995,2026-11-28
19889044,2026-11-28
593095,2028-06-30
16256360,2027-05-28
9450393,2027-06-27
2415754,2026-08-29
25744650,2026-10-31
541139,2028-05-27
19352641,2026-11-28
11567188,2026-11-28
19186185,2026-11-28
9925800,2028-12-16
14372590,2026-11-30
16237142,2029-04-01
10951414,2026-11-30
16256192,2026-11-28
13174364,2026-11-28
17103473,2026-11-28
9504,2027-05-24
10578542,2027-03-30
13783152,2026-11-28
15669220,2027-11-27
16256190,2026-11-28
16231370,2027-01-27
10245538,2026-11-28
19888852,2026-11-28
16256185,2026-11-28
795717,2026-07-31
9260899,2027-04-22
13168565,2026-11-28
17103481,2026-11-28
20195314,2026-11-28
19286946,2027-11-27
17103567,2026-11-28
16256228,2027-05-28
15843773,2027-05-28
10820569,2027-11-21
19888935,2026-11-28
13166008,2026-11-28
15740250,2026-11-28
17103570,2026-11-28
10187043,2029-04-30
10618780,2027-05-28
19888997,2026-11-28
10905232,2026-11-28
10618764,2026-11-28
19888917,2026-11-28
21420955,2027-07-12
10521934,2026-11-28
11567333,2026-11-28
17103488,2026-11-28
925105,2029-06-29
658257,2028-03-31
15704482,2026-11-28
650545,2027-12-27
17103365,2026-11-28
16256332,2026-11-28
15368478,2026-11-28
2341918,2029-06-30
15556820,2026-11-28
20195388,2026-11-28
10485517,2026-11-28
13165719,2026-11-28
18104830,2026-11-28
10485534,2026-11-28
2330048,2028-01-04
10935624,2028-12-01
13174875,2026-11-28
10677402,2026-11-28
22193106,2026-11-30
15750108,2026-11-28
9071743,2027-12-31
13781660,2026-11-28
15750148,2026-11-28
24930374,2027-07-14
15368476,2026-11-28
11759742,2026-12-22
19888985,2026-11-28
24930354,2027-07-14
10030056,2026-07-30
13168652,2026-11-28
10466656,2026-11-28
25966874,2026-12-12
946230,2027-11-27
15740227,2026-11-28
22222110,2027-09-30
15765669,2026-11-28
20195337,2026-11-28
18677408,2026-11-28
17103383,2026-11-28
9628524,2026-11-28
2416914,2026-12-30
272398,2028-06-12
15740225,2026-11-28
15765708,2026-11-28
11466134,2026-07-30
12513553,2030-06-27
17103425,2026-11-28
9428344,2027-06-26
15765690,2026-11-28
13781094,2026-11-28
9052342,2026-12-31
20195362,2026-11-28
24498303,2027-03-12
11307272,2027-05-28
11567306,2026-11-28
13164972,2026-11-28
19889156,2026-11-28
10722126,2026-11-28
26309788,2026-07-30
19186187,2026-11-28
881446,2026-07-30
11307271,2027-05-28
10896161,2029-06-01
14155080,2026-11-28
13165346,2026-11-28
1331776,2026-11-30
16256323,2027-05-28
655155,2027-11-30
17103543,2026-11-28
20195375,2026-11-28
10209797,2028-11-30
18365965,2027-01-01
23107556,2027-09-30
13174545,2026-11-28
15844044,2027-05-28
10362431,2026-10-28
9028340,2027-09-30
15750090,2026-11-28
15744894,2026-11-28
15553730,2027-06-28
11386771,2026-07-30
15765707,2027-05-28
779333,2028-03-28
23336872,2026-11-28
19352632,2026-11-28
19888990,2026-11-28
15368502,2026-11-28
640880,2026-12-30
2349206,2028-01-04
285710,2027-03-30
10060157,2026-07-30
20688394,2027-04-30
13174179,2026-11-28
696999,2027-05-24
17103301,2026-11-28
1957445,2027-11-30
10697755,2026-07-30
19917032,2026-12-31
10000405,2027-04-30
13783171,2026-11-28
1006148,2027-06-28
17713003,2027-05-28
26243396,2027-03-06
18347993,2026-09-07
14533568,2026-10-31
1319834,2026-12-15
25573234,2028-06-01
20614336,2027-05-10
1404219,2027-11-27
9508263,2026-07-30
9566193,2026-08-31
16256302,2026-11-28
522225,2027-03-23
10722123,2027-05-28
10867009,2026-08-31
156422,2028-09-25
10052180,2026-09-23
9186892,2026-07-23
764450,2027-12-23
25882572,2029-01-01
9131610,2026-08-31
1762783,2027-05-18
11480959,2027-06-28
2216906,2027-06-28
20750764,2027-07-17
10791375,2027-06-28
1281227,2026-12-17
47685,2026-08-31
9519180,2026-12-02
17698326,2026-08-31
15842170,2027-04-13
9553549,2028-03-31
18269796,2026-08-31
2201099,2026-12-31
9953442,2027-11-30
898495,2028-03-31
2435709,2026-12-23
1593505,2027-03-27
9070202,2026-11-06
9694235,2027-05-06
280124,2027-06-28
10297329,2026-08-17
13174488,2026-11-28
19889152,2026-11-28
18097869,2026-08-01
26393761,2036-04-30
17103504,2026-11-28
15750088,2026-11-28
10713829,2027-04-06
12300132,2026-09-26
16189730,2028-09-30
10188450,2026-08-27
20491185,2026-08-04
9121342,2026-10-06
20195298,2026-11-28
17103381,2026-11-28
9476581,2026-12-07
11307267,2026-11-28
9268392,2027-01-17
12400071,2027-02-07
17596946,2027-06-30
14187300,2027-07-14
118299,2026-12-20
609595,2026-12-03
26277067,2029-05-12
11184455,2026-07-30
9575902,2026-12-17
12816999,2027-03-08
9582232,2026-08-11
16256326,2026-11-28
9702143,2027-02-10
10843871,2028-01-04
2371286,2027-01-03
2383795,2028-06-30
9768031,2028-03-13
1851374,2028-10-18
14714242,2027-03-01
9255074,2027-07-09
19889093,2026-11-28
11090255,2026-10-19
13174463,2026-11-28
11290157,2026-11-28
9435397,2026-09-12
18280813,2026-08-17
1990310,2028-01-27
10717817,2027-03-15
841673,2027-06-11
17103475,2026-11-28
16256200,2026-11-28
15750150,2026-11-28
13781464,2026-11-28
11706408,2028-11-28
19888865,2026-11-28
550778,2027-07-07
23336884,2026-11-28
17103468,2026-11-28
9193528,2026-10-18
479262,2026-07-28
2013220,2027-12-23
20195415,2026-11-28
15368482,2026-11-28
15750149,2026-11-28
11510883,2026-10-14
9496739,2027-04-01
11567286,2026-11-28
10179965,2027-03-01
10266138,2026-10-27
9364186,2027-07-18
9876708,2026-11-30
15765668,2026-11-28
15547245,2026-11-28
20643484,2027-11-29
454327,2026-08-09
9452726,2026-09-02
11314992,2028-04-28
13569064,2027-12-30
13916882,2027-06-06
10488863,2026-09-29
10947934,2027-04-30
10054934,2026-10-19
294997,2028-05-30
15765643,2026-11-28
11553354,2026-12-08
15765735,2026-11-28
16256343,2027-05-28
16658071,2027-03-31
10921335,2027-07-12
25465140,2029-05-01
2329684,2026-11-30
15606149,2026-11-28
17103562,2026-11-28
19888822,2026-11-28
10362073,2026-11-28
15765709,2026-11-28
19184870,2026-11-28
23606397,2026-12-27
16256181,2026-11-28
11567307,2026-11-28
13773938,2026-11-28
15620072,2026-12-07
17103338,2026-11-28
19889146,2026-11-28
17103394,2026-11-28
16455594,2028-04-30
10088868,2028-11-28
1851235,2028-03-31
17103298,2026-11-28
828869,2027-12-23
1303873,2027-03-26
19889012,2026-11-28
11567311,2026-11-28
19736357,2028-11-28
17375388,2026-11-28
2363060,2028-01-04
11765237,2026-12-01
11446852,2026-09-24
15843758,2027-05-28
1211417,2027-09-06
2282982,2027-06-16
16256320,2027-05-28
10247405,2026-12-10
16256294,2026-11-28
71544,2028-09-30
10679864,2028-11-28
23336934,2026-11-28
13783157,2026-11-28
12616205,2027-02-22
18482502,2034-11-07
17103406,2026-11-28
19229604,2027-05-28
10677409,2026-11-28
2378360,2034-12-15
26318543,2026-11-30
14799242,2028-12-19
16256279,2026-11-28
19229596,2027-05-28
15750102,2026-11-28
21032961,2027-06-14
15750126,2026-11-28
20195336,2026-11-28
25429425,2026-07-27
16727673,2027-03-16
17442888,2028-01-01
25996333,2027-03-01
21745276,2027-09-27
10006640,2028-05-09
15844043,2026-11-28
23336893,2026-11-28
238765,2027-05-30
19888918,2026-11-28
1919391,2028-08-28
18777073,2026-11-28
16790414,2028-01-01
17843080,2027-07-07
11567189,2026-11-28
9108496,2027-12-22
15843796,2027-05-28
23336945,2026-11-28
10485551,2026-11-28
16672209,2027-03-12
15263800,2028-11-28
15765667,2027-05-28
22007355,2027-11-27
10485546,2026-11-28
16672164,2027-03-08
19744819,2027-04-10
15368510,2026-11-28
2383548,2026-10-24
18198407,2027-01-15
10485479,2026-11-28
19278730,2026-12-15
9772212,2028-01-01
15704470,2026-11-28
10485550,2026-11-28
10618756,2026-11-28
9427778,2027-06-18
13164633,2026-11-28
14988466,2026-11-28
15740249,2026-11-28
18445024,2026-09-11
2307013,2026-08-03
25753111,2028-10-15
19889046,2026-11-28
10701310,2026-11-30
15368497,2026-11-28
13167319,2026-11-28
2263847,2027-05-01
11567199,2026-11-28
1858348,2027-05-24
16256305,2026-11-28
10592948,2026-11-28
17103440,2026-11-28
13783062,2026-11-28
17921357,2027-05-28
13781818,2026-11-28
15750089,2026-11-28
16229834,2027-01-31
15750091,2026-11-28
17103460,2026-11-28
18840181,2030-08-31
15765714,2027-05-28
17013910,2026-11-28
11157632,2026-11-28
19889154,2026-11-28
15368468,2026-11-28
24384611,2029-04-14
1325834,2026-07-21
13166054,2026-11-28
11656413,2026-11-28
17103558,2026-11-28
14418507,2028-06-19
20195371,2026-11-28
24579177,2027-04-29
15704480,2026-11-28
16256229,2026-11-28
20195311,2026-11-28
16862271,2026-11-28
15368523,2026-11-28
10577787,2027-11-27
9239643,2028-04-09
9048466,2027-07-14
1338226,2026-12-31
15368511,2026-11-28
10113050,2026-08-01
5194,2028-06-08
17103494,2026-11-28
10361892,2026-07-30
20907677,2027-05-27
17103286,2026-11-28
10245504,2026-11-28
15750138,2026-11-28
15843821,2026-11-28
1413074,2027-01-28
18955321,2027-09-30
10618757,2027-05-28
20141358,2027-02-28
19889158,2026-11-28
15843734,2027-05-28
15765662,2027-05-28
19889121,2026-11-28
16256252,2026-11-28
16256242,2027-05-28
19791338,2027-07-22
10485512,2026-11-28
19889086,2026-11-28
10428737,2026-11-28
2240712,2026-12-31
14719057,2026-10-07
17103497,2026-11-28
598603,2027-01-31
2288766,2027-06-28
19888842,2026-11-28
13168314,2026-11-28
11535134,2027-11-01
9779528,2027-04-15
15704496,2026-11-28
9628547,2026-11-28
10595816,2026-11-28
20195396,2026-11-28
17103351,2026-11-28
15368499,2027-05-28
26259781,2027-03-12
20195340,2026-11-28
15704477,2027-05-28
13783089,2026-11-28
18677427,2026-11-28
2445899,2027-06-01
20195370,2026-11-28
15843811,2026-11-28
11495670,2026-11-30
11567285,2026-11-28
22026308,2027-05-01
15606153,2026-11-28
9882882,2027-10-30
11541369,2026-11-28
13174059,2026-11-28
17103439,2026-11-28
17103560,2026-11-28
20195369,2026-11-28
9281891,2027-12-30
19889033,2026-11-28
14501508,2026-11-28
10722130,2027-05-28
9544367,2027-11-08
18688928,2028-03-28
19888886,2027-05-28
453557,2027-05-24
16256258,2027-05-28
15137667,2026-10-08
10733254,2026-12-01
10796221,2026-11-28
13164835,2026-11-28
19888879,2026-11-28
15765691,2026-11-28
16657921,2027-09-30
13783046,2026-11-28
10485519,2026-11-28
13653961,2027-04-30
2138220,2029-06-30
11278051,2027-11-27
10618768,2027-05-28
11066715,2026-07-30
11567298,2026-11-28
1880482,2027-12-15
10485531,2026-11-28
20707586,2027-06-28
267657,2027-03-28
18219033,2026-08-25
13174259,2026-11-28
10223071,2027-11-08
79393,2027-02-16
17149793,2026-11-28
15704484,2027-05-28
20195407,2026-11-28
9371598,2027-07-01
853060,2027-03-12
19889016,2026-11-28
19756924,2026-11-28
11509778,2026-10-28
872205,2027-02-16
1964505,2026-07-30
11506136,2026-08-31
9994110,2027-04-30
24515643,2027-07-14
23458970,2029-06-01
2228982,2027-12-23
11041475,2029-06-01
24068420,2028-05-23
925542,2026-08-31
11387592,2026-12-09
9198696,2027-06-30
2079714,2027-12-31
13760574,2027-06-06
10030004,2026-07-30
11798814,2026-07-30
20953961,2026-12-20
12157096,2029-02-01
9339393,2028-12-31
2115086,2027-07-31
725559,2027-09-30
10770964,2028-03-31
9049906,2027-11-30
23478127,2026-12-16
18879770,2027-03-30
9409136,2029-03-23
11392099,2027-12-30
11437805,2028-04-28
11627723,2027-09-30
1041957,2027-03-30
11732532,2027-11-30
2093546,2029-08-17
13691350,2027-05-17
10911281,2027-06-02
10617639,2026-11-28
9668640,2026-09-01
551876,2027-08-15
9068843,2036-07-13
285889,2026-07-28
11195876,2026-08-17
9339968,2031-01-15
20195350,2026-11-28
2338242,2028-03-31
9793089,2026-10-21
1529644,2026-09-27
9192335,2027-06-30
9400168,2026-10-08
9106476,2028-07-03
9197833,2027-01-01
9555296,2028-02-25
11446614,2026-09-28
9742390,2027-03-06
13769042,2027-05-31
13067268,2027-03-23
9289255,2027-08-23
11567308,2026-11-28
11814850,2026-12-14
9529395,2026-12-10
971806,2026-09-30
15708106,2027-01-01
10254759,2027-09-27
19889100,2026-11-28
20195398,2026-11-28
675463,2028-11-06
18045907,2026-07-27
2232033,2027-04-13
15330086,2026-10-26
2461701,2026-12-11
13781529,2026-11-28
9288819,2027-12-23
25732418,2027-12-21
10722124,2027-05-28
10519895,2027-02-05
10936058,2027-05-28
1876045,2026-12-31
10574709,2026-08-19
24086003,2026-10-13
15132755,2027-03-12
19229588,2026-11-28
9387151,2026-08-10
11314991,2028-04-28
13963266,2028-01-04
17103577,2026-11-28
15368501,2026-11-28
23336891,2026-11-28
26059865,2028-11-28
11623641,2026-11-30
16256198,2026-11-28
22302359,2026-09-24
1023904,2027-04-18
2033607,2026-10-02
21667246,2027-07-31
9047795,2027-03-31
22927847,2026-11-08
10374934,2026-11-02
19889131,2026-11-28
2367806,2028-09-23
11819381,2028-02-14
10614793,2028-05-30
9040347,2035-01-31
292254,2026-11-30
10975840,2027-06-03
1046014,2026-08-01
13165435,2026-11-28
9415529,2026-10-28
9894932,2026-07-27
17103489,2026-11-28
18249020,2026-08-22
13783039,2026-11-28
18078357,2026-08-31
9597532,2026-10-01
9426276,2026-11-30
17103390,2026-11-28
10912695,2026-11-30
9478255,2027-03-19
15338401,2026-11-14
453358,2028-06-30
10618752,2026-11-28
17103576,2026-11-28
17495748,2028-11-28
13783117,2026-11-28
26514933,2026-11-30
11466777,2026-11-28
15368517,2027-05-28
13173976,2026-11-28
10403604,2026-11-28
17103501,2026-11-28
10677400,2027-05-28
16256197,2026-11-28
17103467,2026-11-28
13607887,2026-11-30
9449432,2026-09-18
14510576,2026-11-28
537209,2027-09-30
2457132,2026-11-01
10617652,2026-11-28
17103549,2026-11-28
10690159,2026-11-28
1090355,2034-11-11
26089968,2027-04-10
17103380,2026-11-28
16256328,2027-05-28
11307273,2027-05-28
19889150,2026-11-28
2359162,2027-07-26
15750140,2026-11-28
17953902,2026-08-21
9767107,2028-08-31
11130634,2027-06-30
11567280,2026-11-28
16256183,2026-11-28
1360921,2027-04-17
13074803,2027-03-24
17103363,2026-11-28
14704028,2026-08-25
13543669,2027-05-18
9566779,2027-01-24
240879,2027-07-26
11567320,2026-11-28
716215,2028-12-01
15765670,2027-05-28
14023106,2028-06-30
508426,2028-01-31
20195397,2026-11-28
18500873,2028-09-30
10323775,2026-10-22
25345139,2028-11-28
19889142,2026-11-28
10095651,2026-12-31
10577976,2026-11-28
20195331,2026-11-28
11567327,2026-11-28
22305,2028-04-14
17103325,2026-11-28
15368471,2026-11-28
13783135,2026-11-28
1470967,2027-12-31
15843757,2026-11-28
17103493,2026-11-28
17454241,2027-09-30
20195408,2026-11-28
11656407,2026-11-28
17500063,2029-06-01
265525,2026-12-30
17103476,2026-11-28
19229563,2027-05-28
15368467,2026-11-28
16331267,2026-12-31
19888913,2026-11-28
19888952,2026-11-28
19295410,2026-12-15
17103384,2026-11-28
138842,2026-12-22
11567321,2027-05-28
19889031,2026-11-28
25650986,2026-11-30
2030218,2027-12-18
13167362,2026-11-28
10592953,2026-11-28
10618737,2026-11-28
2360897,2027-10-10
17103393,2026-11-28
10672988,2027-03-28
9546174,2029-02-01
11877017,2027-07-03
21118687,2027-10-01
18899807,2026-10-23
10618747,2026-11-28
11808863,2028-03-31
25941054,2027-07-22
13165692,2026-11-28
21851623,2026-08-29
22035801,2027-09-30
13168687,2026-11-28
15368520,2026-11-28
1900697,2028-03-31
11567340,2026-11-28
19888826,2026-11-28
19352643,2026-11-28
17103412,2026-11-28
11466451,2026-07-30
647582,2028-12-01
10677415,2026-11-28
15849426,2026-12-21
17103540,2026-11-28
25390773,2030-07-01
11567332,2026-11-28
13166027,2026-11-28
16256230,2026-11-28
15563751,2026-11-18
294919,2026-10-11
22147093,2027-02-07
13174766,2026-11-28
20195339,2026-11-28
25402031,2027-06-20
15750092,2026-11-28
17103499,2026-11-28
17103359,2026-11-28
11120146,2026-12-24
9336876,2027-06-01
10558268,2026-11-28
11567277,2026-11-28
9449025,2027-05-24
19889163,2026-11-28
15368465,2026-11-28
11567295,2026-11-28
11567347,2026-11-28
1297403,2028-09-25
11284765,2026-11-28
10722033,2027-05-28
16256264,2027-05-28
10485457,2026-11-28
15765674,2027-05-28
18643097,2026-10-24
21960520,2026-10-30
9264192,2027-03-01
25761526,2026-11-06
9049451,2028-05-16
77613,2028-05-20
1004061,2027-09-07
19229602,2026-11-28
13781662,2026-11-28
11567240,2026-11-28
13047385,2027-03-21
17103444,2026-11-28
19352634,2026-11-28
25158261,2027-05-19
15547274,2026-11-28
19186180,2026-11-28
17103487,2026-11-28
1064086,2027-05-01
9289867,2028-03-27
354735,2027-05-19
11157572,2026-11-28
2271288,2026-09-14
17103534,2026-11-28
16256334,2026-11-28
11567299,2026-11-28
2134345,2026-12-29
10618776,2026-11-28
12041177,2029-08-12
14975211,2026-09-21
11567203,2026-11-28
9214421,2026-12-31
12993525,2027-01-19
20195316,2026-11-28
13167403,2026-11-28
17103417,2026-11-28
16256301,2027-05-28
15547267,2026-11-28
787891,2029-04-30
16397189,2029-04-30
15459910,2026-11-17
11767243,2026-11-28
13174775,2026-11-28
15843774,2027-05-28
10618748,2026-11-28
15750106,2026-11-28
23336959,2026-11-28
2088644,2027-03-26
13173833,2026-11-28
2430583,2027-06-28
20195420,2026-11-28
2223971,2026-12-31
10225190,2026-09-30
302164,2027-03-01
17419929,2027-07-04
10722136,2027-05-28
13479217,2027-11-27
14675761,2028-11-28
25627579,2026-07-30
10921585,2026-11-28
13166074,2026-11-28
13168503,2026-11-28
2366689,2027-04-10
2245471,2027-06-28
15843763,2027-05-28
10674272,2026-11-28
10934316,2029-06-01
15843768,2027-05-28
411075,2027-05-16
17103550,2026-11-28
15018490,2027-11-27
9207248,2027-06-26
24942083,2027-03-21
870694,2026-08-31
9248678,2027-05-31
2009454,2026-08-18
83924,2028-06-12
13167226,2026-11-28
17103279,2026-11-28
9065531,2026-12-28
22651720,2026-10-27
21042209,2027-09-30
802785,2027-11-01
9130667,2027-12-22
22151493,2026-09-26
918842,2027-03-30
86104,2027-03-30
2326296,2026-11-14
12992197,2028-04-30
11840533,2026-08-21
888015,2027-03-30
10363488,2027-03-01
2364511,2027-06-15
20329425,2027-06-30
26106740,2027-01-29
1297316,2027-02-16
20740781,2026-07-23
9248513,2028-05-01
999851,2026-09-01
9149678,2027-02-10
11606090,2026-11-03
22642643,2026-11-05
9465267,2027-05-07
603256,2028-12-01
10577852,2027-05-28
25767412,2027-11-06
10816011,2027-06-14
18128787,2026-12-17
9954627,2029-08-08
9510957,2026-10-23
9582400,2026-11-28
9049502,2027-11-30
15750104,2026-11-28
10098530,2027-07-16
15357415,2028-12-28
18677433,2026-11-28
9693423,2027-06-09
11416143,2026-09-30
1164042,2027-07-19
24529730,2030-12-23
2474461,2036-03-04
122906,2027-05-31
9760554,2027-10-01
17208991,2026-07-26
25448991,2028-07-18
22586224,2029-10-31
15368522,2026-11-28
12307038,2027-02-04
13167388,2026-11-28
9436450,2026-08-11
17103546,2026-11-28
10722145,2026-11-28
9134214,2027-03-01
16730754,2027-03-16
14988482,2026-11-28
16256304,2026-11-28
11081546,2026-11-28
17103561,2026-11-28
17954879,2027-07-18
12855367,2027-04-13
10690576,2027-05-26
16672186,2027-03-10
26306524,2029-09-25
10867792,2026-11-28
24466037,2027-12-31
9005096,2027-01-01
34989,2027-12-31
13783074,2026-11-28
15808994,2028-12-30
2181478,2027-11-30
241537,2027-05-17
15464840,2028-04-17
9020356,2027-01-14
17103525,2026-11-28
18989484,2026-11-01
11772465,2029-01-29
12138690,2027-02-15
18243520,2026-09-22
12052666,2027-04-18
10074703,2026-12-31
10832984,2027-04-30
18767422,2026-11-17
19888901,2026-11-28
20365341,2027-03-28
1,2026-07-21
19889096,2026-11-28
9604037,2026-11-30
11132677,2026-08-12
2180055,2029-06-29
15765736,2026-11-28
1330904,2027-11-27
17103572,2026-11-28
958463,2026-08-03
14024289,2026-08-25
9538468,2026-11-15
20995777,2028-06-17
20571609,2027-04-13
17713072,2026-11-28
11290,2027-03-18
10883370,2035-09-30
11211966,2026-11-30
13174295,2026-11-28
20075364,2027-02-23
20010022,2026-12-30
11569996,2027-01-30
16256249,2026-11-28
19888903,2026-11-28
9343228,2027-07-31
25742639,2028-06-17
11567190,2026-11-28
793193,2027-05-24
19889134,2026-11-28
10722280,2026-11-28
20195380,2026-11-28
22176296,2029-12-31
20195344,2026-11-28
19889102,2026-11-28
20195376,2026-11-28
24937934,2027-04-25
19888951,2026-11-28
15765676,2026-11-28
15368504,2026-11-28
12234767,2027-02-02
13783030,2026-11-28
10578627,2028-11-28
15706677,2026-11-28
9802448,2027-06-14
15843808,2027-05-28
20562288,2028-05-13
9114058,2026-11-28
19346628,2027-09-29
10185604,2027-05-05
868372,2026-09-20
9300214,2027-09-30
130539,2026-09-13
10869243,2027-05-10
1594926,2035-07-23
25950954,2028-12-31
19888949,2026-11-28
12874306,2027-12-31
15704465,2027-05-28
1267109,2026-09-16
19888900,2026-11-28
9279519,2027-10-30
10647352,2029-06-01
20195312,2026-11-28
1579790,2027-01-19
15697784,2027-09-15
15750143,2026-11-28
11165451,2027-03-30
17103472,2026-11-28
2000676,2026-11-30
9899103,2026-08-11
10677403,2026-11-28
10578631,2028-11-28
17103443,2026-11-28
18090696,2028-03-25
10991959,2027-04-02
987567,2028-11-30
15843752,2026-11-28
10856273,2029-06-29
16256256,2026-11-28
25568723,2027-09-30
17103505,2026-11-28
19888919,2026-11-28
20147243,2027-03-01
14985902,2027-10-01
13174519,2026-11-28
17103419,2026-11-28
25460930,2027-07-01
19889130,2026-11-28
17103350,2026-11-28
16256282,2026-11-28
20195318,2026-11-28
9279496,2027-10-30
23336904,2026-11-28
15368484,2026-11-28
2414325,2026-08-31
19889113,2026-11-28
13174271,2026-11-28
13165808,2026-11-28
2298875,2027-03-01
966382,2027-07-31
624144,2026-11-29
17103317,2026-11-28
13164935,2026-11-28
12963305,2028-03-31
10679883,2028-11-28
17103308,2026-11-28
16877789,2027-01-31
1857661,2027-07-31
12549423,2028-03-31
15843813,2027-05-28
10677404,2026-11-28
17103336,2026-11-28
11526335,2026-12-22
13783127,2026-11-28
10618766,2026-11-28
10722150,2026-11-28
16456868,2026-11-28
10722142,2027-05-28
14142913,2026-11-28
14155078,2026-11-28
11567271,2026-11-28
555635,2031-05-18
19943293,2027-02-26
578896,2027-03-30
13783017,2026-11-28
9262772,2027-08-18
17103484,2026-11-28
15765699,2026-11-28
1506503,2027-11-06
16256309,2026-11-28
13783635,2026-11-28
11567336,2026-11-28
20156552,2027-03-02
16256272,2027-05-28
19371632,2026-11-28
9713925,2027-06-17
17103542,2026-11-28
21276518,2027-07-09
13166987,2026-11-28
19889140,2026-11-28
16256199,2026-11-28
15547253,2026-11-28
13783104,2026-11-28
11541362,2026-11-28
21249148,2028-01-14
10853226,2029-06-29
18677422,2026-11-28
15275721,2026-10-24
15843802,2026-11-28
9430375,2027-09-19
11567282,2026-11-28
13307858,2027-11-27
10485431,2026-11-28
17103485,2026-11-28
19888819,2027-05-28
13781736,2026-11-28
17103254,2026-11-28
14324572,2036-06-30
15844042,2026-11-28
13168375,2026-11-28
1365594,2028-03-31
761341,2027-11-10
17962089,2026-11-28
19184874,2026-11-28
16824134,2026-11-28
17103305,2026-11-28
1002054,2027-11-27
16256355,2026-11-28
19888980,2026-11-28
15740247,2026-11-28
9022255,2028-09-15
184946,2027-09-12
13577377,2026-11-28
11472385,2027-05-28
23336900,2026-11-28
15203203,2026-10-31
9781693,2026-11-30
16256215,2026-11-28
10485452,2026-11-28
11500486,2026-11-30
833903,2027-11-06
10737023,2027-02-28
13174157,2026-11-28
10395564,2026-10-29
13165752,2026-11-28
15368475,2026-11-28
22328999,2026-11-30
9619189,2026-11-30
25801191,2026-11-30
949551,2027-07-31
15765702,2027-05-28
18199542,2026-08-09
25488769,2027-07-08
9504759,2026-11-30
19229572,2027-05-28
15750137,2026-11-28
25910636,2027-01-26
9282219,2026-12-09
13174021,2026-11-28
11567319,2026-11-28
11022266,2026-11-28
9939801,2028-03-28
16262339,2027-02-04
9372371,2027-06-30
11157634,2027-05-28
17103441,2026-11-28
19888931,2027-05-28
16256315,2026-11-28
13173871,2026-11-28
15740243,2026-11-28
13611272,2026-11-30
17793417,2028-11-28
11567354,2027-05-28
17103508,2026-11-28
9039038,2028-10-14
16726781,2028-03-30
18829664,2026-10-18
20195343,2026-11-28
16256368,2027-05-28
19019203,2026-11-02
15965785,2026-08-17
2340719,2027-06-28
9475366,2026-07-30
10521944,2026-11-28
19186179,2026-11-28
2275733,2027-09-30
16691626,2027-03-23
11345649,2026-07-30
280129,2028-06-28
9624314,2026-12-31
11543219,2029-06-01
141772,2027-06-30
19229583,2027-05-28
15368480,2026-11-28
23336926,2026-11-28
17103377,2026-11-28
13165508,2026-11-28
17103478,2026-11-28
9675377,2029-03-31
18784547,2026-07-30
17103310,2026-11-28
19023510,2027-12-27
42274,2027-02-24
9459203,2026-12-31
11157633,2026-11-28
26351277,2027-04-07
10339875,2027-11-08
14426656,2028-12-01
19889074,2026-11-28
9545080,2028-11-30
16297086,2027-04-13
9195232,2027-12-23
9246392,2026-07-30
24934392,2027-04-28
26446214,2027-06-27
13180473,2027-11-08
554079,2027-06-04
2290647,2026-11-27
11482497,2026-10-01
9017282,2027-02-28
1986658,2026-08-31
12763410,2027-05-24
15215927,2027-11-08
1561536,2026-10-25
9344600,2028-11-30
13174566,2026-11-28
10129347,2027-03-31
20074894,2027-02-23
1360366,2027-04-01
10467,2027-02-28
10744837,2029-06-01
10835898,2029-06-29
14212455,2028-07-30
11563985,2029-06-30
15894467,2027-03-01
899047,2026-10-31
131838,2028-12-06
25599790,2026-12-16
9495911,2027-04-28
2430161,2026-08-21
1900498,2027-12-23
15120671,2028-03-28
2460468,2026-12-22
2313912,2027-02-16
193732,2027-06-17
19152078,2029-06-01
119079,2027-03-30
14413876,2026-08-03
12807713,2027-03-07
13783146,2026-11-28
9157244,2028-03-31
11141158,2026-07-26
9914470,2027-09-19
272236,2027-06-29
23401345,2027-12-27
25551596,2026-08-06
988580,2027-04-18
11471587,2026-09-29
601257,2026-11-11
10435564,2029-06-28
15341391,2028-11-21
17843630,2027-07-19
9614503,2026-12-17
16256300,2027-05-28
9059582,2026-11-02
9697510,2027-02-11
749863,2027-06-24
10485520,2026-11-28
1359437,2027-06-30
1497081,2030-06-27
9814705,2028-02-25
19888861,2026-11-28
19888867,2026-11-28
11039281,2026-12-20
13175228,2026-11-28
12663037,2027-02-24
20195409,2026-11-28
9789358,2026-08-10
671477,2027-11-20
1986480,2027-12-31
1880852,2027-06-28
16256337,2027-05-28
534447,2026-12-27
11567237,2026-11-28
14220190,2027-07-05
13783156,2026-11-28
17103436,2026-11-28
2473551,2035-06-24
12460066,2026-11-28
20156377,2027-03-02
10861730,2027-04-26
13174827,2026-11-28
605088,2026-12-15
23581380,2026-12-31
2410151,2026-12-31
961383,2027-04-18
10158323,2026-11-28
20636,2035-09-30
20195361,2026-11-28
11567266,2026-11-28
12154262,2027-01-20
18222335,2027-07-26
1504459,2027-10-30
1423738,2026-10-31
24681073,2027-04-08
16256335,2027-05-28
20895661,2027-05-30
13878865,2026-12-05
15765710,2026-11-28
10807803,2026-11-30
11861241,2026-09-29
11469511,2026-10-14
14306935,2027-07-15
15740230,2026-11-28
11567204,2026-11-28
15750115,2026-11-28
10363981,2026-11-17
11529419,2026-11-14
10643176,2026-08-19
11107319,2026-09-03
13613838,2027-03-29
15750123,2026-11-28
17713515,2026-08-17
10816571,2027-04-19
11067237,2027-07-06
162971,2027-05-30
20195410,2026-11-28
17791608,2027-07-01
13781583,2026-11-28
10853240,2029-06-29
15740256,2026-11-28
18677432,2026-11-28
16256292,2027-05-28
9774022,2027-11-08
15765721,2026-11-28
11307266,2026-11-28
19229586,2027-05-28
2160430,2027-11-08
2146912,2026-12-01
2284135,2027-04-22
19042632,2026-11-30
25828901,2027-01-30
11567245,2026-11-28
10080978,2026-12-31
14139857,2027-07-12
19889138,2026-11-28
10947530,2027-04-18
19184872,2026-11-28
13957146,2027-06-13
25850478,2031-01-02
19186182,2026-11-28
13781580,2026-11-28
20711888,2027-04-26
414345,2027-06-30
15740239,2026-11-28
13166312,2026-11-28
25116172,2035-09-16
16256306,2027-05-28
11472388,2026-11-28
1241855,2029-06-30
10102607,2027-10-01
10317555,2028-10-10
22407411,2027-11-01
11567193,2026-11-28
20195383,2026-11-28
13164732,2026-11-28
13165402,2026-11-28
13167326,2026-11-28
17103421,2026-11-28
24786646,2027-04-11
10683160,2027-03-12
1016403,2026-07-21
20195381,2026-11-28
786084,2028-11-30
634779,2027-03-05
13174676,2026-11-28
15348808,2026-10-27
23401944,2027-12-31
24321029,2026-08-20
527873,2028-06-29
16256351,2027-05-28
10722140,2027-05-28
20195378,2026-11-28
24686511,2030-06-03
15765650,2026-11-28
10414789,2028-12-28
885480,2028-05-29
15547251,2026-11-28
15368508,2026-11-28
10592958,2026-11-28
11567274,2026-11-28
11541364,2026-11-28
13674810,2029-07-01
15202425,2026-10-12
15691430,2026-12-06
14644650,2026-08-24
680250,2026-12-26
19371629,2026-11-28
21319465,2028-03-31
19229589,2027-05-28
10966099,2028-11-28
25467904,2027-12-31
16080689,2028-11-28
11541368,2026-11-28
10582169,2029-05-28
13174015,2026-11-28
26616635,2026-10-29
19888926,2027-05-28
18370786,2026-09-05
15606159,2026-11-28
13173980,2026-11-28
20505487,2027-05-21
18301010,2026-11-28
13174855,2026-11-28
16256187,2026-11-28
17103348,2026-11-28
12777974,2027-03-24
13608890,2026-12-15
20029132,2027-02-21
20195360,2026-11-28
780261,2027-07-31
17110542,2026-11-28
1538579,2028-01-04
20195401,2026-11-28
11567322,2026-11-28
15606151,2026-11-28
15880527,2028-04-04
15750127,2026-11-28
17103352,2026-11-28
13174753,2026-11-28
10618739,2026-11-28
323991,2028-03-24
16256325,2027-05-28
16256361,2026-11-28
16256218,2026-11-28
13783170,2026-11-28
26113551,2026-11-30
1024340,2026-12-30
11478963,2027-09-30
16256357,2027-05-28
11567317,2026-11-28
18210823,2026-08-11
13717108,2027-05-01
10618770,2027-05-28
16256189,2026-11-28
16164811,2027-01-28
20195329,2026-11-28
24032168,2027-03-01
20195345,2026-11-28
23336931,2026-11-28
16480404,2028-11-28
17149795,2026-11-28
20195313,2026-11-28
10198124,2027-07-31
24870439,2027-07-14
13165545,2026-11-28
15765704,2026-11-28
10677426,2026-11-28
13168621,2026-11-28
15765697,2027-05-28
9815474,2028-05-16
16164709,2027-01-18
13773937,2026-11-28
19371633,2026-11-28
11567262,2026-11-28
15368470,2026-11-28
13173572,2026-11-28
10722139,2027-05-28
2115944,2034-11-21
15765720,2026-11-28
17103568,2026-11-28
10558789,2026-11-28
2125193,2027-12-31
17103486,2026-11-28
9103636,2027-12-31
15547275,2026-11-28
1588918,2028-01-04
25332297,2028-05-23
11567257,2026-11-28
1491897,2027-11-27
851357,2028-10-14
24515693,2027-07-14
10722146,2026-11-28
18677423,2026-11-28
25617784,2026-11-20
9716080,2027-12-23
15547277,2026-11-28
11567318,2026-11-28
17103414,2026-11-28
105615,2027-12-06
21336330,2026-12-09
15323348,2026-10-25
13164771,2026-11-28
16814426,2027-03-23
16256184,2026-11-28
708617,2026-07-30
10243824,2027-04-30
15368492,2026-11-28
17639224,2027-06-14
11567279,2026-11-28
20263992,2027-03-16
2168287,2028-07-31
10485418,2026-11-28
16256275,2027-05-28
10198128,2027-07-31
10485477,2026-11-28
603258,2028-12-01
15765689,2027-05-28
19889056,2026-11-28
19889010,2026-11-28
13783133,2026-11-28
2464167,2026-10-17
11279154,2035-11-19
779795,2027-12-31
20195384,2026-11-28
11905843,2027-12-27
17103463,2026-11-28
14524405,2027-09-30
20195404,2026-11-28
17103288,2026-11-28
13166241,2026-11-28
20195303,2026-11-28
1407322,2027-07-07
17103345,2026-11-28
19889126,2026-11-28
16256329,2026-11-28
25249502,2027-06-15
22467770,2027-09-30
16256313,2027-05-28
17103569,2026-11-28
17103397,2026-11-28
19438162,2026-12-31
16256298,2027-05-28
17103480,2026-11-28
17103555,2026-11-28
15368509,2026-11-28
11307265,2026-11-28
19888994,2026-11-28
11567275,2026-11-28
66681,2027-10-30
18893014,2026-10-18
13167115,2026-11-28
9477380,2026-09-30
16256312,2027-05-28
11039307,2027-03-31
10313525,2029-06-01
9882339,2028-03-28
9312233,2026-07-26
10544189,2028-03-25
17103422,2026-11-28
19371627,2026-11-28
17103413,2026-11-28
26137925,2028-03-28
23336877,2026-11-28
1901284,2026-12-08
1226579,2026-11-08
16256314,2027-05-28
19889075,2026-11-28
20195352,2026-11-28
15740223,2026-11-28
20195300,2026-11-28
20913610,2029-03-31
84952,2027-05-15
19371628,2026-11-28
10490255,2029-07-01
314047,2027-06-28
15843789,2026-11-28
10980780,2029-09-30
13228410,2028-10-14
12237394,2028-01-04
821742,2027-03-30
10485436,2026-11-28
602007,2026-11-07
362233,2026-12-07
19996950,2026-07-30
13393362,2026-12-31
496354,2027-09-30
16256296,2026-11-28
12582757,2027-03-24
20195310,2026-11-28
11567343,2026-11-28
12850838,2028-07-17
2073780,2027-09-30
15368463,2026-11-28
9376,2028-05-22
2084965,2027-07-31
16256276,2027-05-28
13174398,2026-11-28
16829718,2027-09-30
16242232,2027-09-30
15750097,2026-11-28
17713012,2027-05-28
14163716,2027-05-28
9546163,2029-02-01
15812993,2027-03-12
11567345,2026-11-28
23336878,2026-11-28
17103335,2026-11-28
26127707,2027-06-02
9780490,2027-03-30
17103416,2026-11-28
11599391,2028-01-31
15750116,2026-11-28
19888978,2026-11-28
20195366,2026-11-28
17103349,2026-11-28
2395482,2027-06-28
16262318,2027-02-04
17103391,2026-11-28
24312795,2027-04-17
17227010,2027-05-04
20195342,2026-11-28
626195,2028-12-01
25952752,2027-04-04
10322611,2026-08-31
1957940,2026-12-08
10721216,2027-03-22
12212961,2028-10-14
9633045,2026-12-29
11542602,2029-06-01
11666828,2026-10-29
25971787,2027-09-30
461787,2027-06-30
20926365,2026-07-25
2146629,2026-08-25
10013899,2026-12-08
26287417,2027-05-16
9432087,2027-03-01
11437337,2028-04-28
9832927,2028-03-31
13083571,2027-12-30
24136733,2026-12-05
2279656,2026-10-27
1103092,2027-06-30
1176363,2028-12-06
18570123,2026-09-30
139822,2028-03-31
10578822,2027-03-12
26636108,2027-06-29
496660,2026-11-30
11840443,2026-11-30
10901725,2027-05-21
16256246,2026-11-28
196447,2027-03-11
14007367,2027-06-15
17103424,2026-11-28
9156510,2027-04-17
12478091,2027-02-17
12515966,2027-03-09
9793618,2026-12-31
26306549,2029-09-25
542673,2028-04-18
1205261,2026-08-10
11300811,2026-08-24
9974045,2026-09-30
2294812,2026-07-21
9578334,2026-12-06
9222087,2027-11-30
11196567,2026-09-29
2158976,2026-10-30
1783194,2027-06-14
10236418,2026-08-03
9926179,2027-06-30
14138822,2027-06-27
16221748,2028-10-30
10281847,2027-04-14
11150063,2026-08-04
11975325,2027-01-11
16256333,2026-11-28
10679867,2028-11-28
9647799,2027-01-07
16256254,2027-05-28
19889153,2026-11-28
16256274,2027-05-28
16953239,2036-04-30
18265242,2026-08-31
20195304,2026-11-28
21239753,2028-01-01
15742030,2026-11-28
10725189,2026-11-28
766587,2027-02-14
16256317,2027-05-28
10723860,2027-05-06
11541361,2026-11-28
11143075,2029-05-05
17938398,2027-12-30
21321137,2034-11-07
13620584,2027-05-11
2318861,2026-10-18
21563720,2028-09-30
22242066,2027-09-30
9325520,2028-06-30
10701988,2027-03-26
2457617,2027-03-16
582573,2029-04-30
10824806,2027-01-05
10773965,2027-04-15
15183724,2028-11-28
9805906,2027-03-31
16691889,2027-03-12
15368466,2026-11-28
2003758,2034-12-24
13961505,2027-06-14
11039546,2026-11-28
10318984,2027-04-28
11755828,2028-11-28
10481756,2026-10-20
25753357,2029-09-26
19889076,2026-11-28
11307234,2027-05-28
12894778,2028-06-10
25863281,2026-10-30
22407453,2027-11-01
74726,2028-06-15
13174222,2026-11-28
22770919,2026-11-08
10537176,2026-11-28
19889242,2026-11-28
10543126,2028-12-31
9171143,2028-09-30
2195342,2027-01-16
2350998,2027-11-18
17103398,2026-11-28
789193,2031-06-18
19888883,2026-11-28
15740231,2026-11-28
19110540,2027-12-28
19145579,2026-11-14
1898994,2027-05-19
11606084,2026-11-03
18617321,2030-08-31
20245944,2027-03-22
9572554,2027-02-06
25627590,2026-07-30
21046025,2028-11-28
17103457,2026-11-28
19888969,2027-05-28
15553856,2026-11-28
13781136,2026-11-28
20195412,2026-11-28
17103282,2026-11-28
15750109,2026-11-28
9118195,2029-06-29
23336919,2026-11-28
19889115,2026-11-28
13391037,2028-11-28
16256240,2027-05-28
10722141,2027-05-28
13164879,2026-11-28
17103533,2026-11-28
10874216,2027-04-26
10677423,2026-11-28
10722156,2026-11-28
10885770,2027-09-30
1225326,2027-04-29
10722122,2026-11-28
10677424,2026-11-28
15078794,2026-10-01
19229576,2027-05-28
958505,2027-07-31
1981463,2027-10-10
15547262,2026-11-28
14458672,2028-11-28
10393023,2026-11-19
24493817,2027-03-27
13003598,2027-03-22
10101957,2026-10-23
885992,2031-01-15
15843755,2026-11-28
17103408,2026-11-28
10577858,2026-11-28
9022239,2026-12-31
17103423,2026-11-28
13174428,2026-11-28
2260540,2027-03-26
11307277,2027-05-28
15750834,2029-12-15
17103516,2026-11-28
11567313,2026-11-28
24935812,2030-08-31
2087942,2027-06-28
2017131,2027-05-24
13783042,2026-11-28
15843745,2026-11-28
17103433,2026-11-28
11567304,2026-11-28
874228,2027-06-23
1329745,2027-04-23
15368473,2026-11-28
12707725,2027-03-01
9747139,2028-11-28
11765871,2027-06-28
10690150,2026-11-28
106787,2027-01-27
10485549,2026-11-28
15750118,2026-11-28
1675929,2027-11-30
16256290,2026-11-28
16256299,2026-11-28
16256347,2027-05-28
17525606,2028-01-04
14678955,2026-08-24
17921360,2027-05-28
10187805,2026-11-30
20195354,2026-11-28
11567288,2026-11-28
14904032,2027-11-30
2438639,2026-12-31
20195320,2026-11-28
15750125,2026-11-28
17103399,2026-11-28
23336912,2026-11-28
11663374,2026-11-28
17103420,2026-11-28
11666269,2027-12-30
19229565,2027-05-28
859601,2026-12-16
13165056,2026-11-28
15368495,2026-11-28
15606139,2026-11-28
11131050,2029-03-07
11567330,2026-11-28
9329530,2026-08-20
9478028,2035-02-19
15740238,2026-11-28
13783639,2026-11-28
20195356,2026-11-28
11567289,2026-11-28
23336913,2026-11-28
15704475,2027-05-28
15843736,2026-11-28
10485545,2026-11-28
13174798,2026-11-28
18007651,2028-11-28
19543204,2027-06-14
25586167,2026-11-30
24837692,2028-12-31
11590255,2026-11-28
11567315,2026-11-28
15765730,2027-05-28
10677428,2027-05-28
1614414,2027-05-03
9266575,2029-05-04
15750107,2026-11-28
19371625,2026-11-28
10485488,2026-11-28
1999392,2027-11-08
15765653,2026-11-28
17149794,2026-11-28
349753,2026-07-30
1996094,2026-09-30
15843737,2026-11-28
11567350,2026-11-28
18688224,2026-11-28
16894652,2029-05-05
13165864,2026-11-28
10485443,2026-11-28
20195377,2026-11-28
11014241,2028-10-14
11567244,2026-11-28
19888922,2026-11-28
23592443,2026-12-18
16256251,2026-11-28
17021499,2027-04-26
13166317,2026-11-28
9541980,2026-11-03
850916,2027-02-25
17103503,2026-11-28
20195359,2026-11-28
20138003,2027-03-05
9803475,2026-11-30
23164469,2028-11-21
17103395,2026-11-28
15547250,2026-11-28
15704486,2027-05-28
20913864,2027-09-30
15765660,2027-05-28
14168857,2026-11-28
931193,2027-01-12
15750087,2026-11-28
17103333,2026-11-28
16254335,2030-08-31
20195296,2026-11-28
17103482,2026-11-28
13174206,2026-11-28
16256213,2026-11-28
15750093,2026-11-28
20195299,2026-11-28
10592965,2026-11-28
16256348,2026-11-28
15740252,2026-11-28
15750103,2026-11-28
18095154,2026-11-28
23336936,2026-11-28
21242264,2027-06-19
17103392,2026-11-28
12978256,2028-06-30
11567296,2026-11-28
19889112,2026-11-28
17214649,2027-06-30
58910,2027-02-16
15368469,2026-11-28
10577877,2026-11-28
13165316,2026-11-28
17103403,2026-11-28
16865471,2027-03-31
17103548,2026-11-28
15368525,2026-11-28
10002803,2026-07-26
9545890,2029-02-01
17149796,2026-11-28
17103545,2026-11-28
16972389,2027-09-30
13174551,2026-11-28
9729005,2027-10-30
1762752,2027-12-23
10618736,2026-11-28
13165370,2026-11-28
11656410,2026-11-28
9216317,2027-03-01
11567212,2026-11-28
10618771,2026-11-28
10853234,2029-06-29
21970204,2027-08-31
13380330,2026-11-30
16256310,2027-05-28
13319082,2026-11-28
11209955,2027-10-01
17103360,2026-11-28
15368506,2026-11-28
11567326,2026-11-28
1680356,2027-02-21
16448768,2027-03-31
19888987,2026-11-28
10485537,2026-11-28
15547236,2026-11-28
10690205,2026-11-28
234736,2027-02-16
26114566,2027-02-07
23336953,2026-11-28
16256349,2026-11-28
18288435,2026-08-31
10722121,2027-05-28
17217577,2029-06-30
9733306,2028-06-12
2357269,2029-06-16
18073702,2027-01-29
492112,2026-07-30
25332321,2028-05-23
10346833,2026-07-30
16256220,2026-11-28
14198071,2026-09-02
20195368,2026-11-28
10013535,2027-06-28
25562686,2026-08-01
19888849,2026-11-28
15750098,2026-11-28
18300852,2026-07-29
9985261,2027-03-23
16256308,2027-05-28
10446550,2027-05-28
11567247,2026-11-28
735888,2027-12-23
15345061,2028-12-12
26581997,2027-06-04
10967410,2028-03-28
9149845,2027-06-24
9521189,2026-08-31
25801062,2026-10-08
19889021,2026-11-28
25771005,2029-01-01
1486664,2028-12-01
2364280,2027-10-07
21341080,2027-07-02
10680210,2026-07-30
990211,2027-06-28
10957767,2028-03-31
14037017,2029-06-16
9680130,2026-12-31
2015926,2027-12-23
2231801,2027-06-28
18401957,2026-09-07
924655,2026-08-31
15137647,2027-03-28
12992069,2028-04-30
19373076,2027-06-28
26228056,2027-06-06
26553335,2027-06-25
10601024,2027-03-04
10296953,2028-02-15
620392,2028-03-30
10884452,2027-07-14
10469029,2027-12-20
2224181,2027-07-26
10485524,2026-11-28
13198844,2027-04-06
2375202,2026-08-06
9462741,2034-11-07
16256280,2026-11-28
10069989,2026-08-07
11706521,2027-01-24
10973793,2027-05-22
11541360,2026-11-28
10189195,2026-08-26
11576009,2026-11-17
9388984,2026-09-02
9077126,2029-06-01
26488554,2027-05-26
15740245,2026-11-28
21473443,2034-11-04
9068993,2026-10-18
1202839,2028-06-30
10619583,2027-02-11
327250,2026-08-06
13173567,2026-11-28
9737133,2027-03-12
512712,2027-06-30
1201284,2027-05-29
11567331,2026-11-28
26226766,2026-08-06
11852402,2027-12-31
9580209,2026-11-28
25787952,2029-06-17
19888921,2026-11-28
10581604,2026-07-30
10677405,2026-11-28
14878413,2027-09-19
13174406,2026-11-28
13608181,2026-11-30
944261,2028-09-30
19888876,2026-11-28
213295,2027-08-23
19889071,2026-11-28
12129210,2027-01-21
9409189,2027-05-16
10677406,2026-11-28
14979202,2027-09-30
10902391,2027-06-07
17103465,2026-11-28
11567284,2026-11-28
20195365,2026-11-28
15368524,2026-11-28
10485486,2026-11-28
14770443,2026-11-30
25560584,2026-08-27
15393671,2026-11-10
9130248,2029-06-11
19889009,2026-11-28
20195418,2026-11-28
9953941,2027-03-14
19889159,2026-11-28
9260357,2027-05-02
354269,2028-09-20
620462,2028-06-30
9118511,2027-04-08
2165708,2026-12-26
10950371,2027-05-25
10853231,2029-06-29
9642922,2027-02-09
9406801,2026-11-15
606327,2026-10-30
11326231,2026-09-01
19229564,2026-11-28
2075283,2027-05-28
12048837,2027-01-25
9297104,2026-08-18
11208432,2026-08-06
2349065,2026-09-29
10484118,2027-09-30
19889020,2026-11-28
11058759,2027-06-23
830365,2026-12-17
15765711,2027-05-28
453192,2030-09-30
802257,2026-12-31
17952396,2027-07-14
25435166,2029-06-28
11446849,2026-09-24
10861522,2027-04-22
16256245,2027-05-28
17668425,2026-12-01
10780355,2027-05-25
11472389,2026-11-28
9567440,2028-12-20
20458198,2027-05-07
23754127,2027-10-29
16256250,2026-11-28
19889141,2026-11-28
11247694,2027-03-02
13630619,2028-01-04
25499335,2028-07-31
2375238,2026-10-06
17103347,2026-11-28
473962,2027-03-01
13781637,2026-11-28
15606160,2026-11-28
10410842,2026-11-28
17103451,2026-11-28
11472393,2026-11-28
11623139,2026-11-30
1801676,2028-12-31
21220579,2027-06-19
11307276,2027-05-28
22770349,2026-11-20
10674275,2027-05-28
17103313,2026-11-28
20195335,2026-11-28
10618753,2026-11-28
15368489,2026-11-28
11152956,2026-08-09
25861973,2027-03-01
11208528,2026-08-18
20483348,2027-05-25
17103284,2026-11-28
26115805,2027-02-06
11315643,2026-11-30
15765645,2026-11-28
12399274,2027-02-22
143365,2027-03-26
20195341,2026-11-28
17103490,2026-11-28
9811087,2026-10-13
25783113,2028-01-01
17598199,2027-09-23
13781320,2026-11-28
645858,2028-03-28
15843769,2026-11-28
16256350,2027-05-28
11040803,2026-08-18
2426808,2028-04-30
19804341,2027-01-24
19229539,2026-11-28
25947717,2028-01-01
17103294,2026-11-28
2066120,2027-08-20
16256293,2027-05-28
9580493,2029-05-25
13174258,2026-11-28
16256212,2026-11-28
12947320,2028-03-31
15843788,2026-11-28
20195400,2026-11-28
9005319,2026-08-28
18709103,2027-01-31
23336896,2026-11-28
17103287,2026-11-28
16256291,2026-11-28
14988481,2026-11-28
14988476,2026-11-28
269012,2027-02-01
9398317,2026-09-30
9061385,2028-01-27
9525495,2026-11-07
23647,2028-04-16
13262990,2028-11-28
10404715,2027-10-01
13174117,2026-11-28
2123188,2027-03-31
15750113,2026-11-28
10924343,2028-01-04
302220,2027-09-30
489599,2028-12-01
17103396,2026-11-28
10165870,2026-11-28
13781437,2026-11-28
10618759,2026-11-28
11567260,2026-11-28
19152049,2029-06-01
88181,2027-07-29
10618778,2027-05-28
10577836,2027-05-28
222484,2027-03-30
9416219,2028-02-28
10537180,2026-11-28
1949293,2028-03-15
17103574,2026-11-28
662885,2026-12-10
18242795,2026-10-24
13781378,2026-11-28
16256359,2027-05-28
15843776,2027-05-28
2016348,2036-02-05
11567256,2026-11-28
10618760,2027-05-28
19889035,2026-11-28
13470471,2029-06-11
2014705,2026-10-23
1718156,2027-06-28
17103461,2026-11-28
11567243,2026-11-28
25085834,2026-11-28
10677416,2026-11-28
16254449,2026-11-28
15843749,2026-11-28
481384,2027-05-24
2149345,2026-11-30
15843786,2026-11-28
13173563,2026-11-28
19888824,2026-11-28
19934659,2026-11-28
15368479,2026-11-28
20195373,2026-11-28
15704473,2026-11-28
26179813,2028-05-27
1001730,2027-10-11
13783095,2026-11-28
17713008,2026-11-28
2378016,2026-12-22
9486868,2028-11-28
941346,2027-03-24
9484539,2027-01-31
19186183,2026-11-28
15765727,2026-11-28
18677435,2026-11-28
9671695,2026-11-04
22110310,2026-09-26
13783045,2026-11-28
1965056,2027-11-30
18563935,2026-11-28
15765671,2027-05-28
2160448,2027-09-30
212452,2027-09-27
732720,2027-07-31
25631637,2028-10-01
11656408,2026-11-28
983591,2027-09-01
19889068,2026-11-28
14988478,2026-11-28
9659718,2026-12-08
605518,2026-09-30
17103367,2026-11-28
11478446,2028-06-30
9100745,2027-09-30
26373534,2028-11-27
11567201,2026-11-28
11567198,2026-11-28
26152149,2028-11-28
13094706,2026-11-30
10070158,2027-06-28
19229553,2026-11-28
20195297,2026-11-28
11656409,2026-11-28
13783108,2026-11-28
17103454,2026-11-28
11567346,2026-11-28
650167,2027-07-01
15740258,2026-11-28
15843790,2027-05-28
16467110,2026-07-30
2126249,2026-09-29
10209094,2028-06-30
17103437,2026-11-28
20195333,2026-11-28
13166903,2026-11-28
10722149,2027-05-28
9274191,2027-02-16
18764547,2026-10-05
11565883,2026-11-28
17103479,2026-11-28
11567242,2026-11-28
24284260,2027-09-30
25522167,2026-11-30
888863,2027-06-30
12803236,2029-06-16
10867790,2026-11-28
13165022,2026-11-28
10618742,2026-11-28
15765644,2026-11-28
10577811,2027-05-28
25380631,2028-06-30
23336932,2026-11-28
23336924,2026-11-28
11541370,2026-11-28
18677416,2026-11-28
17103536,2026-11-28
13165572,2026-11-28
10485467,2026-11-28
26469975,2027-05-11
15750121,2026-11-28
15740254,2026-11-28
16256233,2027-05-28
10485484,2026-11-28
15368515,2026-11-28
18677421,2026-11-28
10677411,2026-11-28
11567293,2026-11-28
1496686,2027-11-27
17699470,2026-08-31
17103551,2026-11-28
9685229,2027-12-31
874539,2027-05-24
16256358,2027-05-28
24027695,2026-09-14
14697078,2026-09-20
10048043,2027-09-30
15547264,2026-11-28
25944324,2027-09-30
10239626,2027-09-30
1955318,2027-06-30
21803474,2026-08-29
10190040,2028-01-04
17701102,2029-01-01
16672273,2027-03-10
19371630,2026-11-28
2147960,2028-02-25
15843817,2026-11-28
9723011,2027-11-30
17103426,2026-11-28
15750119,2026-11-28
9878110,2028-03-31
13471629,2027-03-26
2417668,2027-01-31
15843814,2026-11-28
17103387,2026-11-28
15750122,2026-11-28
13631905,2027-12-30
1068716,2027-07-22
13174097,2026-11-28
10676771,2027-05-28
11307264,2026-11-28
22460166,2027-01-31
17215924,2027-06-28
9055641,2027-12-23
15368464,2026-11-28
2301274,2028-03-28
11794586,2026-12-31
18154529,2026-11-28
17731506,2029-04-30
11053047,2028-01-27
25525465,2026-07-22
13166762,2026-11-28
11567324,2026-11-28
12348731,2028-01-04
1900493,2027-12-23
10213741,2027-07-22
13783063,2026-11-28
1381317,2028-12-01
16647566,2029-06-16
745032,2026-08-31
1376322,2027-03-31
10317962,2026-08-31
90454,2027-09-30
19888836,2027-05-28
13168602,2026-11-28
10797950,2027-05-31
10712196,2026-08-31
22124091,2026-12-18
26524280,2029-03-31
14709933,2026-08-26
16560742,2027-03-20
19992724,2027-02-20
543107,2028-06-08
2296416,2027-11-08
9277862,2026-12-31
