INSTANCE_ACCOUNT_ID,INSTANCE_ACCOUNT_SANDBOX_MASTER_ID
25871467,20953961
19358066,13961505
26050865,2473551
25496625,9017282
19606771,2165708
25658403,17713515
1036025,302220
19088033,10484118
26381241,26152149
26313907,26213682
26066224,25499335
26172233,25562686
25763976,24386650
15484816,520308
15531395,12513553
23627712,10469029
26694861,26243396
26521310,9289867
20276609,13608890
15533181,593095
26292771,2338242
26704275,24096177
13084868,11090255
13966025,13262996
25704054,20670217
14333853,10013899
22223464,821742
2372913,2234863
523942,489599
26671917,680250
17766604,10209797
654518,647582
19197977,9192335
11798672,11732532
17274351,13471629
25654520,25390773
15417465,10013535
19476870,265525
25186256,2430583
20158069,12473815
24213553,10317555
26643784,21220579
26242558,25787952
25965535,15750834
23005182,2341918
25846257,25573234
12011093,9279496
24534275,16390301
25024531,990211
26276275,1281227
19351204,19232126
12943930,11512160
24972381,2245471
20621828,774413
21428400,16726781
11967335,11469511
10403344,9954627
23869989,16331267
20184800,13105136
16663764,2125193
2230318,2228982
19042588,1900697
26317560,11416143
24680401,9300214
9555850,9077126
18896427,17454241
11166594,10966099
25391246,9974045
1371123,1202016
26604102,26291014
23510053,10853231
21582905,11478963
24860875,2395482
13340513,11706408
24914883,11171037
24636483,12052666
14846815,2473551
20742811,10737023
26060284,25944324
11248926,713417
19756488,19736357
1563646,1486664
11599692,2180055
15485309,11171037
15091861,9780490
22872234,1986480
26483860,9180729
20552586,349753
16871787,9545080
25092310,21105457
15397204,15183724
10762853,10088868
10542280,9689406
25566618,23164309
15811894,12546956
26619945,11039281
15635088,12546956
16943469,16691626
26692589,15120671
16079969,2134345
21341813,21046025
26227564,9020356
25999744,13198844
13605760,522225
21745757,781284
18102375,18007651
9920949,9193528
26288298,9390984
25730607,5194
24318653,18955321
11486339,10420638
15484771,2231801
19690549,16242232
25185893,10070158
19671591,19278730
19793583,19042632
25785344,25465140
25762705,10281847
15821602,1901284
25749225,18280813
21554295,2338242
13809830,9459203
15484836,2340719
22327300,2364280
938267,655155
26654791,25907166
25090640,789193
26437162,2263847
19858049,11375835
17952226,17793417
11377571,10883370
17350601,9994110
25186419,2288766
2319730,1486208
17227372,1675929
24991021,11111223
26077120,2138220
18495707,2066120
26679415,1937944
14567097,11656410
11666828,2347048
26116409,10420638
22610090,21473443
17575391,14979202
21725127,620392
21704288,9171143
10991695,10578627
11717668,10448300
19484768,2146629
18105058,16448768
13531317,9899103
25152424,9702143
22366999,9611154
17309571,2079714
16661739,15742030
12755210,9642922
21642458,2473551
10386888,10179965
25397642,2231801
26204078,9156510
26588554,9260899
15435221,10679864
1331520,830365
26682128,19110540
15503144,974221
13647578,11905843
19821470,10297764
10824017,10060526
22007396,17713515
19925470,410268
25761972,12300132
25831581,675463
26005738,594892
26138923,634376
25677409,24284260
9163788,2363060
23306892,12515966
16908207,725559
25787654,10885770
25949440,43400
24609788,2087942
24851537,19373076
24180277,10236418
9713925,9155470
22246037,18989484
25488214,21473443
11485190,10060526
18078488,15750834
21498836,10957767
20325431,387947
9353639,9281891
18734630,13928873
19012423,2016348
26240745,20505487
21482028,17701102
10911865,10679870
10196927,9462741
26403169,25116172
22507449,1996094
21275784,20913864
17871400,1202839
15757760,14212455
25521155,25386584
18583755,10936058
25910521,17954879
18424610,14372590
13757754,680250
9166878,9118195
25882481,9767107
10366312,10052180
11480191,10717817
26610799,26514933
25277495,9768031
25888666,22181045
24070624,885480
11593854,10853226
14944534,14678955
21095411,1090355
24103948,10469029
14114057,12146356
22256394,9071055
22639303,11563985
24140434,11013201
10966190,10578631
20926355,9339968
25185785,10013535
26290767,13569064
15690657,888863
19898901,2359162
9929342,925105
9728877,9689406
16506096,13640597
17625861,17495748
26008174,25599790
24797836,634376
11472631,10679867
17771038,9261553
14531474,11157634
26344466,2016348
1075822,184659
17159718,16080689
24444331,10404715
18167933,9940130
23888460,21960520
9810332,9693060
17721749,141772
11629139,10737023
26041013,2160448
25871686,25631637
9484108,522225
24209819,10317555
25809017,9049502
1981677,156422
19216037,17946597
23820300,605088
16943942,16691626
25564070,9248678
18745396,18347993
9332669,2383548
9535277,9266575
15484786,1006148
13563739,12075009
18788809,11478963
26598804,1211417
22236943,1801676
11835865,10884452
21034544,9802448
17700031,15263899
13966018,13262990
26573995,22642643
22760904,170270
9806345,9747139
902813,141772
16234022,70804
2184366,1470967
19857614,11385788
25730951,2125193
17244158,9005096
18008034,17938398
22409771,17713515
25381046,20013230
19745663,2070146
26150921,26059865
18128787,12063452
9576831,9171143
9455085,9121342
16052739,11326231
26432937,26059865
26443966,26179813
26486158,2201099
10956771,9607901
26678697,25465140
25330951,21473443
24611248,9391089
19338329,2115944
25912326,414345
1411242,1381317
19363658,1854889
16726727,10798355
16729489,10856273
12307069,2229609
25987661,10934316
14567111,11541365
26120607,11755828
25985561,17843630
16611230,10000405
24603008,779795
23332421,14979202
26642353,16824002
20592137,16894652
18062052,10643176
14567086,11656409
19238784,12138690
16689342,15263800
26127349,238765
15817515,9899103
18971596,786084
26056182,795717
9883233,9772156
10098219,9729005
23614872,881446
24313881,13961505
20366477,10050471
24586688,9391089
20206178,13393362
16754422,14324572
19868870,19296756
25246912,16242232
18369519,9697510
18684744,16648274
19806294,1319834
19221368,9198696
22150555,1565918
25922758,9103636
23125312,22181045
19031385,11326282
25397511,16229834
26638469,25966728
24961213,2223971
19350188,11416143
23625510,11196567
26182397,781284
16447303,10045078
25888768,25568723
25295743,18899807
17626696,2329684
13707801,12644683
26634701,9510957
10610622,9402216
9625281,34989
12995369,11314681
17525391,17506956
25024984,15553730
14526322,13391037
14153119,13391026
20994163,9546174
9888555,9878110
26001571,2430161
26310224,1593505
13941842,10980780
10883684,1496211
22544796,26563
2300075,1506503
25618310,18989484
13707540,10679856
23974179,23107556
24025892,9733306
686668,603258
25767395,24281613
24447294,781284
22173046,11686326
26291423,25950954
24666117,15330086
9485570,9266575
24116010,9336876
25790608,25448991
10300535,9372371
17235504,420414
13007568,2414325
15435205,10679867
24680528,9300214
831517,5194
23284789,16657921
26136795,16221748
26478770,2084965
14567077,11307276
17730650,9149678
20401572,18097869
25747665,10112923
10637075,454321
16662079,2383795
20196870,9544367
22100623,1470967
10816463,9747139
22162118,314047
15434752,1001730
25621489,25499335
26373045,593095
9130667,9108496
10981017,10052180
11540077,9157244
19681589,16455594
720800,603256
16877419,9336876
15068412,14458672
25518657,19158503
25284616,9371598
24042807,650167
19142756,16657921
874586,74726
16671771,43400
14503735,1360366
10192531,1901284
20023946,276624
26381451,1762783
25802424,9103636
19739841,13228410
19931661,9675377
11090424,10679883
17814467,16953239
1499441,118299
24041365,624144
19561992,888863
16689401,9426276
25959832,634376
24776661,9071055
11727334,473962
26660082,23754127
18561091,453358
16670538,9017282
24752569,9071055
24879154,2146912
23683595,18482502
9495520,9390984
26284699,2347048
2374466,26563
22844809,9793089
24867839,10048043
26698206,26654162
26053159,10236418
23952035,18955321
20368161,9803475
22051021,13674810
17952977,16448768
11874142,9049502
15968676,14878413
21892565,9398317
26181560,26160894
9447607,9268392
15141153,9774022
25890530,9716080
13890049,13262975
24777673,2216906
11184197,1241855
22447073,14697078
25185634,20707586
25710254,16231370
10303435,9585509
2358436,2020143
26224632,24686511
26602465,21321137
15394220,14675761
26398875,598603
20393481,17843080
20552572,11466451
23694942,9134214
19959436,16972389
15081780,9582400
24578757,779795
9143884,688946
9571067,222711
